-- =============================================================================
-- 03_seed_stations.sql
-- Carga inicial del catálogo de estaciones (red pactada AdmiLogistic).
-- Origen: RAW_DATA + COORDS de public/gasolineras.html (160 estaciones).
-- Idempotente: ON CONFLICT DO NOTHING. Re-ejecutable sin duplicar.
--
-- NOTA lat/lng: las coordenadas provienen del diccionario COORDS del front
-- (precisión a nivel de localidad, no de surtidor). Son suficientes para el
-- mapa actual pero conviene geocodificar por dirección/ideess más adelante.
-- El campo station.ideess queda NULL: estas estaciones de la red pactada no
-- tienen código EESS de MINETUR asignado todavía.
-- =============================================================================

SET search_path TO gasoil, public;

-- 1) Tenant inicial: AdmiLogistic (uuid fijo y conocido para el seed)
INSERT INTO gasoil.tenant (id, nombre, tipo, plan)
VALUES ('00000000-0000-0000-0000-000000000001', 'AdmiLogistic', 'flota', 'pro')
ON CONFLICT (id) DO NOTHING;

-- 2) Estaciones del catálogo global (gasoil.station)
--    id determinista = uuid_generate desde md5(nombre|localidad|provincia)
--    para que el seed sea idempotente y tenant_station pueda enlazar.

INSERT INTO gasoil.station
  (id, ideess, nombre, marca, lat, lng, direccion,
   truck_ok, gasoleo_profesional, acceso_40t, autovia)
VALUES
  (md5('ANDAMUR La Junquera|La Junquera|Girona')::uuid, NULL, 'ANDAMUR La Junquera', 'ANDAMUR', 42.4192, 2.8726, 'AP-7, N-II · La Junquera (Girona)', TRUE, FALSE, FALSE, TRUE),
  (md5('ANDAMUR La Junquera-Llers|Llers|Girona')::uuid, NULL, 'ANDAMUR La Junquera-Llers', 'ANDAMUR', 42.38, 2.85, 'AP-7, N-II · Llers (Girona)', TRUE, FALSE, FALSE, TRUE),
  (md5('GM FUEL Servei Carrer 3|Barcelona|Barcelona')::uuid, NULL, 'GM FUEL Servei Carrer 3', 'GM FUEL', 41.3851, 2.1734, 'B-10 · Barcelona (Barcelona)', TRUE, FALSE, FALSE, FALSE),
  (md5('NIEVES Parets|Parets del Valles|Barcelona')::uuid, NULL, 'NIEVES Parets', 'NIEVES', 41.5666, 2.2256, 'N-152 · Parets del Valles (Barcelona)', TRUE, FALSE, FALSE, TRUE),
  (md5('Renova Oil Incoenergy|Torrefarrera|Lérida')::uuid, NULL, 'Renova Oil Incoenergy', NULL, 41.675, 0.675, 'N-230 · Torrefarrera (Lérida)', TRUE, FALSE, FALSE, TRUE),
  (md5('NIEVES Lérida|Lérida|Lérida')::uuid, NULL, 'NIEVES Lérida', 'NIEVES', 41.6176, 0.62, 'N-II · Lérida (Lérida)', TRUE, FALSE, FALSE, TRUE),
  (md5('GALP El Prat de Llobregat-Vertix|El Prat de Llobregat|Barcelona')::uuid, NULL, 'GALP El Prat de Llobregat-Vertix', 'GALP', 41.3217, 2.0931, 'C-31 · El Prat de Llobregat (Barcelona)', TRUE, FALSE, FALSE, FALSE),
  (md5('GALP Molins de Rei|Molins de Rei|Barcelona')::uuid, NULL, 'GALP Molins de Rei', 'GALP', 41.4175, 2.0169, 'B-23 · Molins de Rei (Barcelona)', TRUE, FALSE, FALSE, FALSE),
  (md5('GALP Granollers|Granollers|Barcelona')::uuid, NULL, 'GALP Granollers', 'GALP', 41.6081, 2.2872, 'BP-5002 · Granollers (Barcelona)', TRUE, FALSE, FALSE, FALSE),
  (md5('GALP Porta de Barcelona Sur|Castellbisbal|Barcelona')::uuid, NULL, 'GALP Porta de Barcelona Sur', 'GALP', 41.468, 1.978, 'AP-7 · Castellbisbal (Barcelona)', TRUE, FALSE, FALSE, TRUE),
  (md5('GM FUEL La Gornal|Castellet i Gonal|Barcelona')::uuid, NULL, 'GM FUEL La Gornal', 'GM FUEL', 41.2547, 1.5522, 'N-340 · Castellet i Gonal (Barcelona)', TRUE, FALSE, FALSE, TRUE),
  (md5('PRIMER Area Truck Service|Vic|Barcelona')::uuid, NULL, 'PRIMER Area Truck Service', 'PRIMER', 41.9297, 2.2542, 'C-153 · Vic (Barcelona)', TRUE, FALSE, FALSE, FALSE),
  (md5('GALP Barcelona|Barcelona|Barcelona')::uuid, NULL, 'GALP Barcelona', 'GALP', 41.3851, 2.1734, 'B-10 · Barcelona (Barcelona)', TRUE, FALSE, FALSE, FALSE),
  (md5('GALP El Bruc|El Bruc|Barcelona')::uuid, NULL, 'GALP El Bruc', 'GALP', 41.581, 1.733, 'A-2 · El Bruc (Barcelona)', TRUE, FALSE, FALSE, TRUE),
  (md5('NIEVES Sesrovires|Sant Esteve de Sesrovires|Barcelona')::uuid, NULL, 'NIEVES Sesrovires', 'NIEVES', 41.4481, 1.8694, 'AP-7, A2 · Sant Esteve de Sesrovires (Barcelona)', TRUE, FALSE, FALSE, TRUE),
  (md5('NIEVES Zona Franca|Barcelona|Barcelona')::uuid, NULL, 'NIEVES Zona Franca', 'NIEVES', 41.3851, 2.1734, 'B-10 · Barcelona (Barcelona)', TRUE, FALSE, FALSE, FALSE),
  (md5('GALP Gironès Norte|Aiguaviva|Girona')::uuid, NULL, 'GALP Gironès Norte', 'GALP', 41.876, 2.812, 'AP-7 · Aiguaviva (Girona)', TRUE, FALSE, FALSE, TRUE),
  (md5('GALP Gironès Sur|Riudellots de la Selva|Girona')::uuid, NULL, 'GALP Gironès Sur', 'GALP', 41.8897, 2.8239, 'AP-7 · Riudellots de la Selva (Girona)', TRUE, FALSE, FALSE, TRUE),
  (md5('GALP Jonquera - Tramuntana|La Junquera|Girona')::uuid, NULL, 'GALP Jonquera - Tramuntana', 'GALP', 42.4192, 2.8726, 'N-II · La Junquera (Girona)', TRUE, FALSE, FALSE, TRUE),
  (md5('ENI Hospitalet Sur|L''Hospitalet Del Infant|Tarragona')::uuid, NULL, 'ENI Hospitalet Sur', 'ENI', 40.9775, 0.9256, 'AP-7 · L''Hospitalet Del Infant (Tarragona)', TRUE, FALSE, FALSE, TRUE),
  (md5('ENI Hospitalet Norte|L''Hospitalet Del Infant|Tarragona')::uuid, NULL, 'ENI Hospitalet Norte', 'ENI', 40.9775, 0.9256, 'AP-7 · L''Hospitalet Del Infant (Tarragona)', TRUE, FALSE, FALSE, TRUE),
  (md5('GM FUEL Coma-Ruga|Masos de Comarruga|Tarragona')::uuid, NULL, 'GM FUEL Coma-Ruga', 'GM FUEL', 41.1867, 1.5547, 'N-340 · Masos de Comarruga (Tarragona)', TRUE, FALSE, FALSE, TRUE),
  (md5('GALP Alt Camp I|Rodonya|Tarragona')::uuid, NULL, 'GALP Alt Camp I', 'GALP', 41.253, 1.392, 'AP-2 · Rodonya (Tarragona)', TRUE, FALSE, FALSE, TRUE),
  (md5('GALP Alt Camp II|Rodonya|Tarragona')::uuid, NULL, 'GALP Alt Camp II', 'GALP', 41.253, 1.392, 'AP-2 · Rodonya (Tarragona)', TRUE, FALSE, FALSE, TRUE),
  (md5('ALAS Hospitalet De L''Infant|L''Hospitalet De L''Infant|Tarragona')::uuid, NULL, 'ALAS Hospitalet De L''Infant', 'ALAS', 40.9775, 0.9256, 'N-340 · L''Hospitalet De L''Infant (Tarragona)', TRUE, FALSE, FALSE, TRUE),
  (md5('ALAS Vila-Seca|Vila-Seca|Tarragona')::uuid, NULL, 'ALAS Vila-Seca', 'ALAS', 41.1078, 1.1678, 'AP-7 · Vila-Seca (Tarragona)', TRUE, FALSE, FALSE, TRUE),
  (md5('ALAS Constantí|Constantí|Tarragona')::uuid, NULL, 'ALAS Constantí', 'ALAS', 41.1525, 1.1742, 'C-14 · Constantí (Tarragona)', TRUE, FALSE, FALSE, FALSE),
  (md5('ALAS L''Ametlla de Mar|L''Ametlla de Mar|Tarragona')::uuid, NULL, 'ALAS L''Ametlla de Mar', 'ALAS', 40.8878, 0.7878, 'N-340 · L''Ametlla de Mar (Tarragona)', TRUE, FALSE, FALSE, TRUE),
  (md5('ANDAMUR Pamplona|Imárcoain|Navarra')::uuid, NULL, 'ANDAMUR Pamplona', 'ANDAMUR', 42.758, -1.613, 'AP15, N-121-A · Imárcoain (Navarra)', TRUE, FALSE, FALSE, TRUE),
  (md5('NOIL Bera de Bidasoa|Bera|Navarra')::uuid, NULL, 'NOIL Bera de Bidasoa', 'NOIL', 43.2786, -1.6822, 'N-121-A · Bera (Navarra)', TRUE, FALSE, FALSE, TRUE),
  (md5('EUROCAM Tudela|Tudela|Navarra')::uuid, NULL, 'EUROCAM Tudela', 'EUROCAM', 42.06, -1.6053, 'A-68 · Tudela (Navarra)', TRUE, FALSE, FALSE, TRUE),
  (md5('EUROCAM Pamplona-Agustinos|Pamplona|Navarra')::uuid, NULL, 'EUROCAM Pamplona-Agustinos', 'EUROCAM', 42.8188, -1.644, 'AP-15 · Pamplona (Navarra)', TRUE, FALSE, FALSE, TRUE),
  (md5('GALP Ziordia|Ziordia|Navarra')::uuid, NULL, 'GALP Ziordia', 'GALP', 42.8983, -2.1964, 'A-1 · Ziordia (Navarra)', TRUE, FALSE, FALSE, TRUE),
  (md5('GALP Alsasua Dir. Madrid|Altsasu Alsasu|Navarra')::uuid, NULL, 'GALP Alsasua Dir. Madrid', 'GALP', 42.9011, -2.1669, 'A-1 · Altsasu Alsasu (Navarra)', TRUE, FALSE, FALSE, TRUE),
  (md5('GALP Alsasua Dir. Irún|Altsasu Alsasu|Navarra')::uuid, NULL, 'GALP Alsasua Dir. Irún', 'GALP', 42.9011, -2.1669, 'A-1 · Altsasu Alsasu (Navarra)', TRUE, FALSE, FALSE, TRUE),
  (md5('ANDAMUR San Román - Araia|San Román de San Millán|Álava')::uuid, NULL, 'ANDAMUR San Román - Araia', 'ANDAMUR', 42.8678, -2.2453, 'A-1 · San Román de San Millán (Álava)', TRUE, FALSE, FALSE, TRUE),
  (md5('Merkaoil|Lezo|Guipúzcoa')::uuid, NULL, 'Merkaoil', 'MERKAOIL', 43.3143, -1.8886, 'AP-8, GI-2638 · Lezo (Guipúzcoa)', TRUE, FALSE, FALSE, TRUE),
  (md5('Gexa|Oiartzun|Guipúzcoa')::uuid, NULL, 'Gexa', 'GEXA', 43.2944, -1.9314, 'AP-8, GI-636 · Oiartzun (Guipúzcoa)', TRUE, FALSE, FALSE, TRUE),
  (md5('EUROCAM Nanclares de Oca|Nanclares de la Oca|Álava')::uuid, NULL, 'EUROCAM Nanclares de Oca', 'EUROCAM', 42.8508, -2.9189, 'A-1 · Nanclares de la Oca (Álava)', TRUE, FALSE, FALSE, TRUE),
  (md5('GALP Irún|Irun|Guipúzcoa')::uuid, NULL, 'GALP Irún', 'GALP', 43.3375, -1.7886, 'A-15, NA-700 · Irun (Guipúzcoa)', TRUE, FALSE, FALSE, TRUE),
  (md5('GALP Lasarte|Lasarte|Guipúzcoa')::uuid, NULL, 'GALP Lasarte', 'GALP', 43.2822, -2.0144, 'A-1 · Lasarte (Guipúzcoa)', TRUE, FALSE, FALSE, TRUE),
  (md5('ANDAMUR El Límite|Huércal-Overa|Almería')::uuid, NULL, 'ANDAMUR El Límite', 'ANDAMUR', 37.389, -1.945, 'A-7 · Huércal-Overa (Almería)', TRUE, FALSE, FALSE, TRUE),
  (md5('ANDAMUR Guarromán|Guarromán|Jaén')::uuid, NULL, 'ANDAMUR Guarromán', 'ANDAMUR', 38.175, -3.685, 'A-4 · Guarromán (Jaén)', TRUE, FALSE, FALSE, TRUE),
  (md5('Las Cuartillas|Valencina de la Concepción|Sevilla')::uuid, NULL, 'Las Cuartillas', NULL, 37.4119, -6.0758, 'N-630 · Valencina de la Concepción (Sevilla)', TRUE, FALSE, FALSE, TRUE),
  (md5('Magdaoil|Alcalá de Guadaira|Sevilla')::uuid, NULL, 'Magdaoil', NULL, 37.338, -5.8389, 'A-92 · Alcalá de Guadaira (Sevilla)', TRUE, FALSE, FALSE, TRUE),
  (md5('Ruta 4|La Campana|Sevilla')::uuid, NULL, 'Ruta 4', NULL, 37.5831, -5.3964, 'A-4 · La Campana (Sevilla)', TRUE, FALSE, FALSE, TRUE),
  (md5('TJ Oil|Salteras|Sevilla')::uuid, NULL, 'TJ Oil', NULL, 37.4564, -6.1456, 'M-630 · Salteras (Sevilla)', TRUE, FALSE, FALSE, FALSE),
  (md5('ENI El Fantasma|Sevilla|Sevilla')::uuid, NULL, 'ENI El Fantasma', 'ENI', 37.3891, -5.9845, 'AP-4 · Sevilla (Sevilla)', TRUE, FALSE, FALSE, TRUE),
  (md5('BQP Villanueva Food and Fuel|Écija|Sevilla')::uuid, NULL, 'BQP Villanueva Food and Fuel', 'BQP', 37.5406, -5.0822, 'A-4 · Écija (Sevilla)', TRUE, FALSE, FALSE, TRUE),
  (md5('HAFESA OIL Almerimar|El Ejido|Almería')::uuid, NULL, 'HAFESA OIL Almerimar', 'HAFESA', 36.7769, -2.815, 'A-7 · El Ejido (Almería)', TRUE, FALSE, FALSE, TRUE),
  (md5('VALCARCE Láchar|Láchar|Granada')::uuid, NULL, 'VALCARCE Láchar', 'VALCARCE', 37.2069, -3.9956, 'A-92 · Láchar (Granada)', TRUE, FALSE, FALSE, TRUE),
  (md5('VALCARCE Gor|Gor|Granada')::uuid, NULL, 'VALCARCE Gor', 'VALCARCE', 37.3861, -2.99, 'A-92 · Gor (Granada)', TRUE, FALSE, FALSE, TRUE),
  (md5('CARBURANTES A92|Darro|Granada')::uuid, NULL, 'CARBURANTES A92', NULL, 37.3906, -3.2153, 'A-92 · Darro (Granada)', TRUE, FALSE, FALSE, TRUE),
  (md5('GALP Huétor Tájar|Huetor Tajar|Granada')::uuid, NULL, 'GALP Huétor Tájar', 'GALP', 37.206, -4.043, 'A-92 · Huetor Tajar (Granada)', TRUE, FALSE, FALSE, TRUE),
  (md5('El Fresno|Los Barrios|Cádiz')::uuid, NULL, 'El Fresno', NULL, 36.1786, -5.4939, 'A-7 · Los Barrios (Cádiz)', TRUE, FALSE, FALSE, TRUE),
  (md5('NIEVES Algeciras|Los Barrios|Cádiz')::uuid, NULL, 'NIEVES Algeciras', 'NIEVES', 36.1786, -5.4939, 'A-7 · Los Barrios (Cádiz)', TRUE, FALSE, FALSE, TRUE),
  (md5('GALP Jerez|Jerez de la Frontera|Cádiz')::uuid, NULL, 'GALP Jerez', 'GALP', 36.6866, -6.1369, 'A-381 · Jerez de la Frontera (Cádiz)', TRUE, FALSE, FALSE, TRUE),
  (md5('GALP Puerto Real|Puerto Real|Cádiz')::uuid, NULL, 'GALP Puerto Real', 'GALP', 36.5264, -6.1903, 'CA-35 · Puerto Real (Cádiz)', TRUE, FALSE, FALSE, TRUE),
  (md5('AREA 117 Benamejí|Benamejí|Córdoba')::uuid, NULL, 'AREA 117 Benamejí', 'AREA 117', 37.2706, -4.5428, 'N-331 · Benamejí (Córdoba)', TRUE, FALSE, FALSE, TRUE),
  (md5('DEOIL Gibraleon|Gibraleón|Huelva')::uuid, NULL, 'DEOIL Gibraleon', 'DEOIL', 37.3819, -6.9706, 'N-431 · Gibraleón (Huelva)', TRUE, FALSE, FALSE, TRUE),
  (md5('GALP Rosal de La Frontera|Rosal de la Frontera|Huelva')::uuid, NULL, 'GALP Rosal de La Frontera', 'GALP', 37.9858, -7.2131, 'N-433 · Rosal de la Frontera (Huelva)', TRUE, FALSE, FALSE, TRUE),
  (md5('Platero|Moguer|Huelva')::uuid, NULL, 'Platero', NULL, 37.2783, -6.8406, 'A-494 · Moguer (Huelva)', TRUE, FALSE, FALSE, TRUE),
  (md5('GALP Estepona|Estepona|Málaga')::uuid, NULL, 'GALP Estepona', 'GALP', 36.4272, -5.1453, 'A-7 · Estepona (Málaga)', TRUE, FALSE, FALSE, TRUE),
  (md5('AREA 117 Humilladero I|Humilladero|Málaga')::uuid, NULL, 'AREA 117 Humilladero I', 'AREA 117', 37.1075, -4.6811, 'A-92 · Humilladero (Málaga)', TRUE, FALSE, FALSE, TRUE),
  (md5('AREA 117 Humilladero II|Humilladero|Málaga')::uuid, NULL, 'AREA 117 Humilladero II', 'AREA 117', 37.1075, -4.6811, 'A-92 · Humilladero (Málaga)', TRUE, FALSE, FALSE, TRUE),
  (md5('GALP Málaga - El Viso|Málaga|Málaga')::uuid, NULL, 'GALP Málaga - El Viso', 'GALP', 36.7192, -4.4194, 'A-357 · Málaga (Málaga)', TRUE, FALSE, FALSE, TRUE),
  (md5('GALP Málaga - El Limonar|Málaga|Málaga')::uuid, NULL, 'GALP Málaga - El Limonar', 'GALP', 36.7192, -4.4194, 'A-7 · Málaga (Málaga)', TRUE, FALSE, FALSE, TRUE),
  (md5('AGLA La Isla|Dos Hermanas|Sevilla')::uuid, NULL, 'AGLA La Isla', 'AGLA', 37.2831, -5.92, 'A-8053 · Dos Hermanas (Sevilla)', TRUE, FALSE, FALSE, TRUE),
  (md5('GALP Los Palacios|Los Palacios y Villafranca|Sevilla')::uuid, NULL, 'GALP Los Palacios', 'GALP', 37.1617, -5.9233, 'AP-4 · Los Palacios y Villafranca (Sevilla)', TRUE, FALSE, FALSE, TRUE),
  (md5('ANDAMUR Lorca|Lorca|Murcia')::uuid, NULL, 'ANDAMUR Lorca', 'ANDAMUR', 37.671, -1.704, 'A-7 · Lorca (Murcia)', TRUE, FALSE, FALSE, TRUE),
  (md5('Sierra Espuña Trade|Totana|Murcia')::uuid, NULL, 'Sierra Espuña Trade', NULL, 37.7708, -1.5019, 'A-7 · Totana (Murcia)', TRUE, FALSE, FALSE, TRUE),
  (md5('Agetrans|Totana|Murcia')::uuid, NULL, 'Agetrans', NULL, 37.7708, -1.5019, 'A-7 · Totana (Murcia)', TRUE, FALSE, FALSE, TRUE),
  (md5('La Cañada|Molina de Segura|Murcia')::uuid, NULL, 'La Cañada', NULL, 38.0614, -1.2133, 'A-30 · Molina de Segura (Murcia)', TRUE, FALSE, FALSE, TRUE),
  (md5('Mill Enterprise|Ceuti|Murcia')::uuid, NULL, 'Mill Enterprise', NULL, 38.0847, -1.2703, 'MU-533 · Ceuti (Murcia)', TRUE, FALSE, FALSE, FALSE),
  (md5('Grupo Caliche|San Javier|Murcia')::uuid, NULL, 'Grupo Caliche', NULL, 37.8025, -0.8369, 'AP-7 · San Javier (Murcia)', TRUE, FALSE, FALSE, TRUE),
  (md5('MAGNAOIL Vía de la Plata|Mérida|Badajoz')::uuid, NULL, 'MAGNAOIL Vía de la Plata', 'MAGNAOIL', 38.916, -6.3404, 'A-5 · Mérida (Badajoz)', TRUE, FALSE, FALSE, TRUE),
  (md5('MAGNAOIL El Nevero|Badajoz|Badajoz')::uuid, NULL, 'MAGNAOIL El Nevero', 'MAGNAOIL', 38.8794, -6.9706, 'A-5 · Badajoz (Badajoz)', TRUE, FALSE, FALSE, TRUE),
  (md5('GALP Cáceres - Ctra. A Trujillo|Cáceres|Cáceres')::uuid, NULL, 'GALP Cáceres - Ctra. A Trujillo', 'GALP', 39.4753, -6.3724, 'N-521 · Cáceres (Cáceres)', TRUE, FALSE, FALSE, TRUE),
  (md5('GALP Peraleda de la Mata|Peraleda de la Mata|Cáceres')::uuid, NULL, 'GALP Peraleda de la Mata', 'GALP', 39.8339, -5.4817, 'A-5 · Peraleda de la Mata (Cáceres)', TRUE, FALSE, FALSE, TRUE),
  (md5('AREA 117 Torremocha del Campo|Torremocha del Campo|Guadalajara')::uuid, NULL, 'AREA 117 Torremocha del Campo', 'AREA 117', 40.9947, -2.5044, 'A-2 · Torremocha del Campo (Guadalajara)', TRUE, FALSE, FALSE, TRUE),
  (md5('VALCARCE Área de Uclés 90|Villarubio|Cuenca')::uuid, NULL, 'VALCARCE Área de Uclés 90', 'VALCARCE', 39.9069, -2.7806, 'A-3 · Villarubio (Cuenca)', TRUE, FALSE, FALSE, TRUE),
  (md5('BEROIL Tébar|Tébar|Cuenca')::uuid, NULL, 'BEROIL Tébar', 'BEROIL', 39.5861, -1.9906, 'A-3 · Tébar (Cuenca)', TRUE, FALSE, FALSE, TRUE),
  (md5('GALP Castillo de Garcimuñoz|Castillo de Garcimuñoz|Cuenca')::uuid, NULL, 'GALP Castillo de Garcimuñoz', 'GALP', 39.718, -2.339, 'A-3 · Castillo de Garcimuñoz (Cuenca)', TRUE, FALSE, FALSE, TRUE),
  (md5('VALCARCE El Casar de Talavera|El Casar de Talavera|Toledo')::uuid, NULL, 'VALCARCE El Casar de Talavera', 'VALCARCE', 39.9617, -4.8994, 'A-5, N-502 · El Casar de Talavera (Toledo)', TRUE, FALSE, FALSE, TRUE),
  (md5('GALP Calera y Chozas|Calera y Chozas|Toledo')::uuid, NULL, 'GALP Calera y Chozas', 'GALP', 39.897, -5.118, 'A-5 · Calera y Chozas (Toledo)', TRUE, FALSE, FALSE, TRUE),
  (md5('GALP Puerto Lápice I|Puerto Lapice|Ciudad Real')::uuid, NULL, 'GALP Puerto Lápice I', 'GALP', 39.312, -3.467, 'A-4 · Puerto Lapice (Ciudad Real)', TRUE, FALSE, FALSE, TRUE),
  (md5('GALP Puerto Lápice II|Puerto Lapice|Ciudad Real')::uuid, NULL, 'GALP Puerto Lápice II', 'GALP', 39.312, -3.467, 'A-4 · Puerto Lapice (Ciudad Real)', TRUE, FALSE, FALSE, TRUE),
  (md5('ATENOIL Valdepeñas|La Consolación|Ciudad Real')::uuid, NULL, 'ATENOIL Valdepeñas', 'ATENOIL', 38.8999, -3.3904, 'A-4 · La Consolación (Ciudad Real)', TRUE, FALSE, FALSE, TRUE),
  (md5('ATENOIL Valdepeñas II MD|La Consolación|Ciudad Real')::uuid, NULL, 'ATENOIL Valdepeñas II MD', 'ATENOIL', 38.8999, -3.3904, 'A-4 · La Consolación (Ciudad Real)', TRUE, FALSE, FALSE, TRUE),
  (md5('ALZ El Oliveral|Ribarroja del Turia|Valencia')::uuid, NULL, 'ALZ El Oliveral', 'ALZ', 39.536, -0.598, 'AP-7, A-3 · Ribarroja del Turia (Valencia)', TRUE, FALSE, FALSE, TRUE),
  (md5('GALP Ribarroja Del Turia|Ribarroja del Turia|Valencia')::uuid, NULL, 'GALP Ribarroja Del Turia', 'GALP', 39.536, -0.598, 'AP-7, A-3 · Ribarroja del Turia (Valencia)', TRUE, FALSE, FALSE, TRUE),
  (md5('GALP Beneixida|Beneixida|Valencia')::uuid, NULL, 'GALP Beneixida', 'GALP', 39.0781, -0.4333, 'N-340 · Beneixida (Valencia)', TRUE, FALSE, FALSE, TRUE),
  (md5('GALP Fuente La Higuera|Fuente La Higuera|Valencia')::uuid, NULL, 'GALP Fuente La Higuera', 'GALP', 38.79, -0.8533, 'A-35 · Fuente La Higuera (Valencia)', TRUE, FALSE, FALSE, TRUE),
  (md5('GALP Fuente La Higuera II|Fuente La Higuera|Valencia')::uuid, NULL, 'GALP Fuente La Higuera II', 'GALP', 38.79, -0.8533, 'A-35 · Fuente La Higuera (Valencia)', TRUE, FALSE, FALSE, TRUE),
  (md5('GALP Torrent I|Torrent|Valencia')::uuid, NULL, 'GALP Torrent I', 'GALP', 39.434, -0.467, 'A-7 · Torrent (Valencia)', TRUE, FALSE, FALSE, TRUE),
  (md5('GALP Torrent II|Torrent|Valencia')::uuid, NULL, 'GALP Torrent II', 'GALP', 39.434, -0.467, 'A-7 · Torrent (Valencia)', TRUE, FALSE, FALSE, TRUE),
  (md5('GALP El Puig|El Puig de Santa María|Valencia')::uuid, NULL, 'GALP El Puig', 'GALP', 39.5822, -0.3053, 'A-7 · El Puig de Santa María (Valencia)', TRUE, FALSE, FALSE, TRUE),
  (md5('GALP Villargordo Cabriel I|Villargordo del Gabriel|Valencia')::uuid, NULL, 'GALP Villargordo Cabriel I', 'GALP', 39.4958, -1.3947, 'A-3 · Villargordo del Gabriel (Valencia)', TRUE, FALSE, FALSE, TRUE),
  (md5('GALP Villargordo Cabriel II|Villargordo del Gabriel|Valencia')::uuid, NULL, 'GALP Villargordo Cabriel II', 'GALP', 39.4958, -1.3947, 'A-3 · Villargordo del Gabriel (Valencia)', TRUE, FALSE, FALSE, TRUE),
  (md5('GALP Agost - AP7 Dir.Murcia|Agost|Alicante')::uuid, NULL, 'GALP Agost - AP7 Dir.Murcia', 'GALP', 38.438, -0.658, 'AP-7 · Agost (Alicante)', TRUE, FALSE, FALSE, TRUE),
  (md5('GALP Agost - AP7 Dir.Valencia|Agost|Alicante')::uuid, NULL, 'GALP Agost - AP7 Dir.Valencia', 'GALP', 38.438, -0.658, 'AP-7 · Agost (Alicante)', TRUE, FALSE, FALSE, TRUE),
  (md5('GALP Elche I|Torrellano|Alicante')::uuid, NULL, 'GALP Elche I', 'GALP', 38.267, -0.68, 'A-70 · Torrellano (Alicante)', TRUE, FALSE, FALSE, TRUE),
  (md5('GALP Elche II|Torrellano|Alicante')::uuid, NULL, 'GALP Elche II', 'GALP', 38.267, -0.68, 'A-70 · Torrellano (Alicante)', TRUE, FALSE, FALSE, TRUE),
  (md5('GALP San Antonio I|Pedreguer|Alicante')::uuid, NULL, 'GALP San Antonio I', 'GALP', 38.7867, 0.0247, 'AP-7 · Pedreguer (Alicante)', TRUE, FALSE, FALSE, TRUE),
  (md5('GALP San Antonio II|Pedreguer|Alicante')::uuid, NULL, 'GALP San Antonio II', 'GALP', 38.7867, 0.0247, 'AP-7 · Pedreguer (Alicante)', TRUE, FALSE, FALSE, TRUE),
  (md5('ENI La Ribera Norte|Ribera de Cabanes|Castellón')::uuid, NULL, 'ENI La Ribera Norte', 'ENI', 40.1503, 0.2358, 'AP-7 · Ribera de Cabanes (Castellón)', TRUE, FALSE, FALSE, TRUE),
  (md5('ENI La Ribera Sur (Dir Valencia)|Ribera de Cabanes|Castellón')::uuid, NULL, 'ENI La Ribera Sur (Dir Valencia)', 'ENI', 40.1503, 0.2358, 'AP-7 · Ribera de Cabanes (Castellón)', TRUE, FALSE, FALSE, TRUE),
  (md5('GALP La Plana I|Burriana|Castellón')::uuid, NULL, 'GALP La Plana I', 'GALP', 39.887, -0.068, 'AP-7 · Burriana (Castellón)', TRUE, FALSE, FALSE, TRUE),
  (md5('GALP La Plana II|Burriana|Castellón')::uuid, NULL, 'GALP La Plana II', 'GALP', 39.887, -0.068, 'AP-7 · Burriana (Castellón)', TRUE, FALSE, FALSE, TRUE),
  (md5('GHC Ganesha Combustibles|Madrid|Madrid')::uuid, NULL, 'GHC Ganesha Combustibles', 'GHC', 40.3697, -3.5989, 'A-3 · Madrid (Madrid)', TRUE, FALSE, FALSE, TRUE),
  (md5('VALCARCE Torrejón de Ardoz|Torrejón de Ardoz|Madrid')::uuid, NULL, 'VALCARCE Torrejón de Ardoz', 'VALCARCE', 40.46, -3.4669, 'M-206 · Torrejón de Ardoz (Madrid)', TRUE, FALSE, FALSE, FALSE),
  (md5('GALP Alcalá Henares I|Alcalá de Henares|Madrid')::uuid, NULL, 'GALP Alcalá Henares I', 'GALP', 40.4817, -3.3636, 'A-2 · Alcalá de Henares (Madrid)', TRUE, FALSE, FALSE, TRUE),
  (md5('GALP Alcalá Henares II|Alcalá de Henares|Madrid')::uuid, NULL, 'GALP Alcalá Henares II', 'GALP', 40.4817, -3.3636, 'A-2 · Alcalá de Henares (Madrid)', TRUE, FALSE, FALSE, TRUE),
  (md5('GALP Parla|Parla|Madrid')::uuid, NULL, 'GALP Parla', 'GALP', 40.239, -3.768, 'A-42 · Parla (Madrid)', TRUE, FALSE, FALSE, TRUE),
  (md5('ATENOIL Parla II|Parla|Madrid')::uuid, NULL, 'ATENOIL Parla II', 'ATENOIL', 40.239, -3.768, 'M-408 · Parla (Madrid)', TRUE, FALSE, FALSE, FALSE),
  (md5('GALP Pinto - Eboli I|Pinto|Madrid')::uuid, NULL, 'GALP Pinto - Eboli I', 'GALP', 40.249, -3.694, 'M-506 · Pinto (Madrid)', TRUE, FALSE, FALSE, FALSE),
  (md5('GALP Pinto - Eboli II|Pinto|Madrid')::uuid, NULL, 'GALP Pinto - Eboli II', 'GALP', 40.249, -3.694, 'M-506 · Pinto (Madrid)', TRUE, FALSE, FALSE, FALSE),
  (md5('GALP Perales De Tajuña|Perales De Tajuña|Madrid')::uuid, NULL, 'GALP Perales De Tajuña', 'GALP', 40.3453, -3.3408, 'A-3, N-III · Perales De Tajuña (Madrid)', TRUE, FALSE, FALSE, TRUE),
  (md5('ENI San Sebastián de los Reyes I MD|San Sebastian de los Reyes|Madrid')::uuid, NULL, 'ENI San Sebastián de los Reyes I MD', 'ENI', 40.5503, -3.6275, 'A-1 · San Sebastian de los Reyes (Madrid)', TRUE, FALSE, FALSE, TRUE),
  (md5('ENI San Sebastián de los Reyes II MI|Fuente del Fresno|Madrid')::uuid, NULL, 'ENI San Sebastián de los Reyes II MI', 'ENI', 40.5831, -3.6358, 'N-1 · Fuente del Fresno (Madrid)', TRUE, FALSE, FALSE, TRUE),
  (md5('GALP S.S.de los Reyes-Jarama|San Sebastián de los Reyes|Madrid')::uuid, NULL, 'GALP S.S.de los Reyes-Jarama', 'GALP', 40.5503, -3.6275, 'A-1 · San Sebastián de los Reyes (Madrid)', TRUE, FALSE, FALSE, TRUE),
  (md5('AVIA Castillo Benavente|Benavente|Zamora')::uuid, NULL, 'AVIA Castillo Benavente', 'AVIA', 42.0025, -5.6786, 'A-6 · Benavente (Zamora)', TRUE, FALSE, FALSE, TRUE),
  (md5('AVIA Castillo El Burgo|El Burgo Ranero|León')::uuid, NULL, 'AVIA Castillo El Burgo', 'AVIA', 42.3631, -5.1536, 'A-231 · El Burgo Ranero (León)', TRUE, FALSE, FALSE, TRUE),
  (md5('GALP Villadangos - Dir. Astorga|Villadangos del Paramo|León')::uuid, NULL, 'GALP Villadangos - Dir. Astorga', 'GALP', 42.5169, -5.7578, 'N-120 · Villadangos del Paramo (León)', TRUE, FALSE, FALSE, TRUE),
  (md5('VALCARCE Aranda|Aranda de Duero|Burgos')::uuid, NULL, 'VALCARCE Aranda', 'VALCARCE', 41.6694, -3.6892, 'N-1 · Aranda de Duero (Burgos)', TRUE, FALSE, FALSE, TRUE),
  (md5('BEROIL Estépar|Estépar|Burgos')::uuid, NULL, 'BEROIL Estépar', 'BEROIL', 42.2714, -4.0156, 'N-620 · Estépar (Burgos)', TRUE, FALSE, FALSE, TRUE),
  (md5('BEROIL Miranda de Ebro|Miranda de Ebro|Burgos')::uuid, NULL, 'BEROIL Miranda de Ebro', 'BEROIL', 42.6847, -2.9447, 'AP-1 · Miranda de Ebro (Burgos)', TRUE, FALSE, FALSE, TRUE),
  (md5('GALP Villatoro|Burgos|Burgos')::uuid, NULL, 'GALP Villatoro', 'GALP', 42.3325, -3.6792, 'N-627 · Burgos (Burgos)', TRUE, FALSE, FALSE, TRUE),
  (md5('GALP Sarracín I|Sarracín|Burgos')::uuid, NULL, 'GALP Sarracín I', 'GALP', 42.294, -3.65, 'A-1 · Sarracín (Burgos)', TRUE, FALSE, FALSE, TRUE),
  (md5('GALP Sarracín II|Sarracín|Burgos')::uuid, NULL, 'GALP Sarracín II', 'GALP', 42.294, -3.65, 'A-1 · Sarracín (Burgos)', TRUE, FALSE, FALSE, TRUE),
  (md5('GALP Los Balbases|Los Balbases|Burgos')::uuid, NULL, 'GALP Los Balbases', 'GALP', 42.1831, -3.8564, 'A-62 · Los Balbases (Burgos)', TRUE, FALSE, FALSE, TRUE),
  (md5('Bernal|Aldehuela de la Bóveda|Salamanca')::uuid, NULL, 'Bernal', NULL, 40.8197, -6.2828, 'A-62 · Aldehuela de la Bóveda (Salamanca)', TRUE, FALSE, FALSE, TRUE),
  (md5('GALP Aldehuela de la Bóveda|Aldehuela de la Bóveda|Salamanca')::uuid, NULL, 'GALP Aldehuela de la Bóveda', 'GALP', 40.8197, -6.2828, 'A-62 · Aldehuela de la Bóveda (Salamanca)', TRUE, FALSE, FALSE, TRUE),
  (md5('GALP Villacastín Dir. Coruña|Villacastin|Segovia')::uuid, NULL, 'GALP Villacastín Dir. Coruña', 'GALP', 40.7714, -4.4242, 'N-6 · Villacastin (Segovia)', TRUE, FALSE, FALSE, TRUE),
  (md5('GALP Villacastín Dir. Madrid|Villacastin|Segovia')::uuid, NULL, 'GALP Villacastín Dir. Madrid', 'GALP', 40.7714, -4.4242, 'N-6 · Villacastin (Segovia)', TRUE, FALSE, FALSE, TRUE),
  (md5('GALP Martin Muñoz de la Dehesa-Arevalo|Martín Muñoz de la Dehesa|Segovia')::uuid, NULL, 'GALP Martin Muñoz de la Dehesa-Arevalo', 'GALP', 41.0764, -4.7228, 'A-6 · Martín Muñoz de la Dehesa (Segovia)', TRUE, FALSE, FALSE, TRUE),
  (md5('GALP Medina Del Campo|Medina del Campo|Valladolid')::uuid, NULL, 'GALP Medina Del Campo', 'GALP', 41.31, -4.914, 'A-6 · Medina del Campo (Valladolid)', TRUE, FALSE, FALSE, TRUE),
  (md5('San Lamberto|Zaragoza|Zaragoza')::uuid, NULL, 'San Lamberto', NULL, 41.62, -0.92, 'A-2 · Zaragoza (Zaragoza)', TRUE, FALSE, FALSE, TRUE),
  (md5('ALFA ENERGY Alfajarín|Alfajarín|Zaragoza')::uuid, NULL, 'ALFA ENERGY Alfajarín', 'ALFA ENERGY', 41.6231, -0.7386, 'AP-2, N-II · Alfajarín (Zaragoza)', TRUE, FALSE, FALSE, TRUE),
  (md5('HAFESA OIL Cadrete|Cadrete|Zaragoza')::uuid, NULL, 'HAFESA OIL Cadrete', 'HAFESA', 41.5831, -1.01, 'N-330 · Cadrete (Zaragoza)', TRUE, FALSE, FALSE, TRUE),
  (md5('AVIA Gallur|Gallur|Zaragoza')::uuid, NULL, 'AVIA Gallur', 'AVIA', 41.8767, -1.3194, 'N-232 · Gallur (Zaragoza)', TRUE, FALSE, FALSE, TRUE),
  (md5('PETROBIL Valdeherrera|Calatayud|Zaragoza')::uuid, NULL, 'PETROBIL Valdeherrera', 'PETROBIL', 41.3569, -1.6428, 'A-202 · Calatayud (Zaragoza)', TRUE, FALSE, FALSE, TRUE),
  (md5('GALP Zaragoza I|La Muela|Zaragoza')::uuid, NULL, 'GALP Zaragoza I', 'GALP', 41.595, -1.097, 'A-2 · La Muela (Zaragoza)', TRUE, FALSE, FALSE, TRUE),
  (md5('GALP Zaragoza II|La Muela|Zaragoza')::uuid, NULL, 'GALP Zaragoza II', 'GALP', 41.595, -1.097, 'A-2 · La Muela (Zaragoza)', TRUE, FALSE, FALSE, TRUE),
  (md5('GALP Monegros I|Candasnos|Huesca')::uuid, NULL, 'GALP Monegros I', 'GALP', 41.508, 0.026, 'AP-2 · Candasnos (Huesca)', TRUE, FALSE, FALSE, TRUE),
  (md5('GALP Monegros II|Candasnos|Huesca')::uuid, NULL, 'GALP Monegros II', 'GALP', 41.508, 0.026, 'AP-2 · Candasnos (Huesca)', TRUE, FALSE, FALSE, TRUE),
  (md5('EUROCAM Logroño|Logroño|La Rioja')::uuid, NULL, 'EUROCAM Logroño', 'EUROCAM', 42.4661, -2.445, 'AP-68 · Logroño (La Rioja)', TRUE, FALSE, FALSE, TRUE),
  (md5('BEROIL San Asensio|San Asensio|La Rioja')::uuid, NULL, 'BEROIL San Asensio', 'BEROIL', 42.5056, -2.7233, 'N-232 · San Asensio (La Rioja)', TRUE, FALSE, FALSE, TRUE),
  (md5('Empresoil|Gijón|Asturias')::uuid, NULL, 'Empresoil', NULL, 43.5322, -5.6611, 'A-8 · Gijón (Asturias)', TRUE, FALSE, FALSE, TRUE),
  (md5('GALP De la Vega I|Posada de Llanes|Asturias')::uuid, NULL, 'GALP De la Vega I', 'GALP', 43.4167, -4.7517, 'A-8 · Posada de Llanes (Asturias)', TRUE, FALSE, FALSE, TRUE),
  (md5('GALP De la Vega II|Posada de Llanes|Asturias')::uuid, NULL, 'GALP De la Vega II', 'GALP', 43.4167, -4.7517, 'A-8 · Posada de Llanes (Asturias)', TRUE, FALSE, FALSE, TRUE),
  (md5('Cetanoil|Cecebre|A Coruña')::uuid, NULL, 'Cetanoil', NULL, 43.2358, -8.3264, 'LC-221 · Cecebre (A Coruña)', TRUE, FALSE, FALSE, FALSE),
  (md5('GALP Guitiriz I|Guitiriz|Lugo')::uuid, NULL, 'GALP Guitiriz I', 'GALP', 43.184, -7.875, 'A-6 · Guitiriz (Lugo)', TRUE, FALSE, FALSE, TRUE),
  (md5('GALP Guitiriz II|Guitiriz|Lugo')::uuid, NULL, 'GALP Guitiriz II', 'GALP', 43.184, -7.875, 'A-6 · Guitiriz (Lugo)', TRUE, FALSE, FALSE, TRUE),
  (md5('GALP Monforte de Lemos|Monforte de Lemos|Lugo')::uuid, NULL, 'GALP Monforte de Lemos', 'GALP', 42.5231, -7.5122, 'N-120, LU-933 · Monforte de Lemos (Lugo)', TRUE, FALSE, FALSE, TRUE),
  (md5('GALP Barbadanes - Dir. Celanova|Barbadas|Ourense')::uuid, NULL, 'GALP Barbadanes - Dir. Celanova', 'GALP', 42.3197, -7.8839, 'OU-540 · Barbadas (Ourense)', TRUE, FALSE, FALSE, FALSE),
  (md5('El Sol|Mos|Pontevedra')::uuid, NULL, 'El Sol', NULL, 42.2022, -8.6308, 'A-55, N-550 · Mos (Pontevedra)', TRUE, FALSE, FALSE, TRUE),
  (md5('Sertuy|Guillarey|Pontevedra')::uuid, NULL, 'Sertuy', NULL, 42.15, -8.5831, 'A-55, N-550 · Guillarey (Pontevedra)', TRUE, FALSE, FALSE, TRUE),
  (md5('GALP Meis|Meis (San Martin)|Pontevedra')::uuid, NULL, 'GALP Meis', 'GALP', 42.5156, -8.6961, 'AG-41 · Meis (San Martin) (Pontevedra)', TRUE, FALSE, FALSE, FALSE),
  (md5('GALP Silleda|Silleda|Pontevedra')::uuid, NULL, 'GALP Silleda', 'GALP', 42.697, -8.238, 'AP-53 · Silleda (Pontevedra)', TRUE, FALSE, FALSE, TRUE)
ON CONFLICT (id) DO NOTHING;

-- 3) Cache de precios inicial (producto 'gasoleo_a'), valor de RAW_DATA.
--    Esta tabla se PISA a diario desde MINETUR; aquí solo es semilla.
INSERT INTO gasoil.price (station_id, producto, precio, actualizado_at)
VALUES
  (md5('ANDAMUR La Junquera|La Junquera|Girona')::uuid, 'gasoleo_a', 1.629, now()),
  (md5('ANDAMUR La Junquera-Llers|Llers|Girona')::uuid, 'gasoleo_a', 1.629, now()),
  (md5('GM FUEL Servei Carrer 3|Barcelona|Barcelona')::uuid, 'gasoleo_a', 1.562, now()),
  (md5('NIEVES Parets|Parets del Valles|Barcelona')::uuid, 'gasoleo_a', 1.680, now()),
  (md5('Renova Oil Incoenergy|Torrefarrera|Lérida')::uuid, 'gasoleo_a', 1.568, now()),
  (md5('NIEVES Lérida|Lérida|Lérida')::uuid, 'gasoleo_a', 1.685, now()),
  (md5('GALP El Prat de Llobregat-Vertix|El Prat de Llobregat|Barcelona')::uuid, 'gasoleo_a', 1.659, now()),
  (md5('GALP Molins de Rei|Molins de Rei|Barcelona')::uuid, 'gasoleo_a', 1.659, now()),
  (md5('GALP Granollers|Granollers|Barcelona')::uuid, 'gasoleo_a', 1.659, now()),
  (md5('GALP Porta de Barcelona Sur|Castellbisbal|Barcelona')::uuid, 'gasoleo_a', 1.660, now()),
  (md5('GM FUEL La Gornal|Castellet i Gonal|Barcelona')::uuid, 'gasoleo_a', 1.550, now()),
  (md5('PRIMER Area Truck Service|Vic|Barcelona')::uuid, 'gasoleo_a', 1.551, now()),
  (md5('GALP Barcelona|Barcelona|Barcelona')::uuid, 'gasoleo_a', 1.659, now()),
  (md5('GALP El Bruc|El Bruc|Barcelona')::uuid, 'gasoleo_a', 1.660, now()),
  (md5('NIEVES Sesrovires|Sant Esteve de Sesrovires|Barcelona')::uuid, 'gasoleo_a', 1.675, now()),
  (md5('NIEVES Zona Franca|Barcelona|Barcelona')::uuid, 'gasoleo_a', 1.675, now()),
  (md5('GALP Gironès Norte|Aiguaviva|Girona')::uuid, 'gasoleo_a', 1.718, now()),
  (md5('GALP Gironès Sur|Riudellots de la Selva|Girona')::uuid, 'gasoleo_a', 1.718, now()),
  (md5('GALP Jonquera - Tramuntana|La Junquera|Girona')::uuid, 'gasoleo_a', 1.722, now()),
  (md5('ENI Hospitalet Sur|L''Hospitalet Del Infant|Tarragona')::uuid, 'gasoleo_a', 1.611, now()),
  (md5('ENI Hospitalet Norte|L''Hospitalet Del Infant|Tarragona')::uuid, 'gasoleo_a', 1.611, now()),
  (md5('GM FUEL Coma-Ruga|Masos de Comarruga|Tarragona')::uuid, 'gasoleo_a', 1.552, now()),
  (md5('GALP Alt Camp I|Rodonya|Tarragona')::uuid, 'gasoleo_a', 1.662, now()),
  (md5('GALP Alt Camp II|Rodonya|Tarragona')::uuid, 'gasoleo_a', 1.662, now()),
  (md5('ALAS Hospitalet De L''Infant|L''Hospitalet De L''Infant|Tarragona')::uuid, 'gasoleo_a', 1.556, now()),
  (md5('ALAS Vila-Seca|Vila-Seca|Tarragona')::uuid, 'gasoleo_a', 1.548, now()),
  (md5('ALAS Constantí|Constantí|Tarragona')::uuid, 'gasoleo_a', 1.548, now()),
  (md5('ALAS L''Ametlla de Mar|L''Ametlla de Mar|Tarragona')::uuid, 'gasoleo_a', 1.603, now()),
  (md5('ANDAMUR Pamplona|Imárcoain|Navarra')::uuid, 'gasoleo_a', 1.600, now()),
  (md5('NOIL Bera de Bidasoa|Bera|Navarra')::uuid, 'gasoleo_a', 1.608, now()),
  (md5('EUROCAM Tudela|Tudela|Navarra')::uuid, 'gasoleo_a', 1.613, now()),
  (md5('EUROCAM Pamplona-Agustinos|Pamplona|Navarra')::uuid, 'gasoleo_a', 1.608, now()),
  (md5('GALP Ziordia|Ziordia|Navarra')::uuid, 'gasoleo_a', 1.715, now()),
  (md5('GALP Alsasua Dir. Madrid|Altsasu Alsasu|Navarra')::uuid, 'gasoleo_a', 1.718, now()),
  (md5('GALP Alsasua Dir. Irún|Altsasu Alsasu|Navarra')::uuid, 'gasoleo_a', 1.715, now()),
  (md5('ANDAMUR San Román - Araia|San Román de San Millán|Álava')::uuid, 'gasoleo_a', 1.589, now()),
  (md5('Merkaoil|Lezo|Guipúzcoa')::uuid, 'gasoleo_a', 1.605, now()),
  (md5('Gexa|Oiartzun|Guipúzcoa')::uuid, 'gasoleo_a', 1.607, now()),
  (md5('EUROCAM Nanclares de Oca|Nanclares de la Oca|Álava')::uuid, 'gasoleo_a', 1.603, now()),
  (md5('GALP Irún|Irun|Guipúzcoa')::uuid, 'gasoleo_a', 1.718, now()),
  (md5('GALP Lasarte|Lasarte|Guipúzcoa')::uuid, 'gasoleo_a', 1.716, now()),
  (md5('ANDAMUR El Límite|Huércal-Overa|Almería')::uuid, 'gasoleo_a', 1.583, now()),
  (md5('ANDAMUR Guarromán|Guarromán|Jaén')::uuid, 'gasoleo_a', 1.594, now()),
  (md5('Las Cuartillas|Valencina de la Concepción|Sevilla')::uuid, 'gasoleo_a', 1.568, now()),
  (md5('Magdaoil|Alcalá de Guadaira|Sevilla')::uuid, 'gasoleo_a', 1.548, now()),
  (md5('Ruta 4|La Campana|Sevilla')::uuid, 'gasoleo_a', 1.549, now()),
  (md5('TJ Oil|Salteras|Sevilla')::uuid, 'gasoleo_a', 1.546, now()),
  (md5('ENI El Fantasma|Sevilla|Sevilla')::uuid, 'gasoleo_a', 1.611, now()),
  (md5('BQP Villanueva Food and Fuel|Écija|Sevilla')::uuid, 'gasoleo_a', 1.570, now()),
  (md5('HAFESA OIL Almerimar|El Ejido|Almería')::uuid, 'gasoleo_a', 1.586, now()),
  (md5('VALCARCE Láchar|Láchar|Granada')::uuid, 'gasoleo_a', 1.666, now()),
  (md5('VALCARCE Gor|Gor|Granada')::uuid, 'gasoleo_a', 1.666, now()),
  (md5('CARBURANTES A92|Darro|Granada')::uuid, 'gasoleo_a', 1.666, now()),
  (md5('GALP Huétor Tájar|Huetor Tajar|Granada')::uuid, 'gasoleo_a', 1.680, now()),
  (md5('El Fresno|Los Barrios|Cádiz')::uuid, 'gasoleo_a', 1.551, now()),
  (md5('NIEVES Algeciras|Los Barrios|Cádiz')::uuid, 'gasoleo_a', 1.696, now()),
  (md5('GALP Jerez|Jerez de la Frontera|Cádiz')::uuid, 'gasoleo_a', 1.673, now()),
  (md5('GALP Puerto Real|Puerto Real|Cádiz')::uuid, 'gasoleo_a', 1.679, now()),
  (md5('AREA 117 Benamejí|Benamejí|Córdoba')::uuid, 'gasoleo_a', 1.558, now()),
  (md5('DEOIL Gibraleon|Gibraleón|Huelva')::uuid, 'gasoleo_a', 1.540, now()),
  (md5('GALP Rosal de La Frontera|Rosal de la Frontera|Huelva')::uuid, 'gasoleo_a', 1.681, now()),
  (md5('Platero|Moguer|Huelva')::uuid, 'gasoleo_a', 1.666, now()),
  (md5('GALP Estepona|Estepona|Málaga')::uuid, 'gasoleo_a', 1.670, now()),
  (md5('AREA 117 Humilladero I|Humilladero|Málaga')::uuid, 'gasoleo_a', 1.549, now()),
  (md5('AREA 117 Humilladero II|Humilladero|Málaga')::uuid, 'gasoleo_a', 1.551, now()),
  (md5('GALP Málaga - El Viso|Málaga|Málaga')::uuid, 'gasoleo_a', 1.676, now()),
  (md5('GALP Málaga - El Limonar|Málaga|Málaga')::uuid, 'gasoleo_a', 1.673, now()),
  (md5('AGLA La Isla|Dos Hermanas|Sevilla')::uuid, 'gasoleo_a', 1.539, now()),
  (md5('GALP Los Palacios|Los Palacios y Villafranca|Sevilla')::uuid, 'gasoleo_a', 1.666, now()),
  (md5('ANDAMUR Lorca|Lorca|Murcia')::uuid, 'gasoleo_a', 1.583, now()),
  (md5('Sierra Espuña Trade|Totana|Murcia')::uuid, 'gasoleo_a', 1.564, now()),
  (md5('Agetrans|Totana|Murcia')::uuid, 'gasoleo_a', 1.563, now()),
  (md5('La Cañada|Molina de Segura|Murcia')::uuid, 'gasoleo_a', 1.564, now()),
  (md5('Mill Enterprise|Ceuti|Murcia')::uuid, 'gasoleo_a', 1.562, now()),
  (md5('Grupo Caliche|San Javier|Murcia')::uuid, 'gasoleo_a', 1.640, now()),
  (md5('MAGNAOIL Vía de la Plata|Mérida|Badajoz')::uuid, 'gasoleo_a', 1.687, now()),
  (md5('MAGNAOIL El Nevero|Badajoz|Badajoz')::uuid, 'gasoleo_a', 1.667, now()),
  (md5('GALP Cáceres - Ctra. A Trujillo|Cáceres|Cáceres')::uuid, 'gasoleo_a', 1.728, now()),
  (md5('GALP Peraleda de la Mata|Peraleda de la Mata|Cáceres')::uuid, 'gasoleo_a', 1.733, now()),
  (md5('AREA 117 Torremocha del Campo|Torremocha del Campo|Guadalajara')::uuid, 'gasoleo_a', 1.607, now()),
  (md5('VALCARCE Área de Uclés 90|Villarubio|Cuenca')::uuid, 'gasoleo_a', 1.607, now()),
  (md5('BEROIL Tébar|Tébar|Cuenca')::uuid, 'gasoleo_a', 1.610, now()),
  (md5('GALP Castillo de Garcimuñoz|Castillo de Garcimuñoz|Cuenca')::uuid, 'gasoleo_a', 1.671, now()),
  (md5('VALCARCE El Casar de Talavera|El Casar de Talavera|Toledo')::uuid, 'gasoleo_a', 1.607, now()),
  (md5('GALP Calera y Chozas|Calera y Chozas|Toledo')::uuid, 'gasoleo_a', 1.679, now()),
  (md5('GALP Puerto Lápice I|Puerto Lapice|Ciudad Real')::uuid, 'gasoleo_a', 1.676, now()),
  (md5('GALP Puerto Lápice II|Puerto Lapice|Ciudad Real')::uuid, 'gasoleo_a', 1.676, now()),
  (md5('ATENOIL Valdepeñas|La Consolación|Ciudad Real')::uuid, 'gasoleo_a', 1.538, now()),
  (md5('ATENOIL Valdepeñas II MD|La Consolación|Ciudad Real')::uuid, 'gasoleo_a', 1.538, now()),
  (md5('ALZ El Oliveral|Ribarroja del Turia|Valencia')::uuid, 'gasoleo_a', 1.561, now()),
  (md5('GALP Ribarroja Del Turia|Ribarroja del Turia|Valencia')::uuid, 'gasoleo_a', 1.563, now()),
  (md5('GALP Beneixida|Beneixida|Valencia')::uuid, 'gasoleo_a', 1.559, now()),
  (md5('GALP Fuente La Higuera|Fuente La Higuera|Valencia')::uuid, 'gasoleo_a', 1.538, now()),
  (md5('GALP Fuente La Higuera II|Fuente La Higuera|Valencia')::uuid, 'gasoleo_a', 1.538, now()),
  (md5('GALP Torrent I|Torrent|Valencia')::uuid, 'gasoleo_a', 1.665, now()),
  (md5('GALP Torrent II|Torrent|Valencia')::uuid, 'gasoleo_a', 1.665, now()),
  (md5('GALP El Puig|El Puig de Santa María|Valencia')::uuid, 'gasoleo_a', 1.666, now()),
  (md5('GALP Villargordo Cabriel I|Villargordo del Gabriel|Valencia')::uuid, 'gasoleo_a', 1.671, now()),
  (md5('GALP Villargordo Cabriel II|Villargordo del Gabriel|Valencia')::uuid, 'gasoleo_a', 1.671, now()),
  (md5('GALP Agost - AP7 Dir.Murcia|Agost|Alicante')::uuid, 'gasoleo_a', 1.666, now()),
  (md5('GALP Agost - AP7 Dir.Valencia|Agost|Alicante')::uuid, 'gasoleo_a', 1.666, now()),
  (md5('GALP Elche I|Torrellano|Alicante')::uuid, 'gasoleo_a', 1.669, now()),
  (md5('GALP Elche II|Torrellano|Alicante')::uuid, 'gasoleo_a', 1.670, now()),
  (md5('GALP San Antonio I|Pedreguer|Alicante')::uuid, 'gasoleo_a', 1.671, now()),
  (md5('GALP San Antonio II|Pedreguer|Alicante')::uuid, 'gasoleo_a', 1.671, now()),
  (md5('ENI La Ribera Norte|Ribera de Cabanes|Castellón')::uuid, 'gasoleo_a', 1.568, now()),
  (md5('ENI La Ribera Sur (Dir Valencia)|Ribera de Cabanes|Castellón')::uuid, 'gasoleo_a', 1.568, now()),
  (md5('GALP La Plana I|Burriana|Castellón')::uuid, 'gasoleo_a', 1.674, now()),
  (md5('GALP La Plana II|Burriana|Castellón')::uuid, 'gasoleo_a', 1.674, now()),
  (md5('GHC Ganesha Combustibles|Madrid|Madrid')::uuid, 'gasoleo_a', 1.607, now()),
  (md5('VALCARCE Torrejón de Ardoz|Torrejón de Ardoz|Madrid')::uuid, 'gasoleo_a', 1.606, now()),
  (md5('GALP Alcalá Henares I|Alcalá de Henares|Madrid')::uuid, 'gasoleo_a', 1.672, now()),
  (md5('GALP Alcalá Henares II|Alcalá de Henares|Madrid')::uuid, 'gasoleo_a', 1.672, now()),
  (md5('GALP Parla|Parla|Madrid')::uuid, 'gasoleo_a', 1.667, now()),
  (md5('ATENOIL Parla II|Parla|Madrid')::uuid, 'gasoleo_a', 1.538, now()),
  (md5('GALP Pinto - Eboli I|Pinto|Madrid')::uuid, 'gasoleo_a', 1.671, now()),
  (md5('GALP Pinto - Eboli II|Pinto|Madrid')::uuid, 'gasoleo_a', 1.671, now()),
  (md5('GALP Perales De Tajuña|Perales De Tajuña|Madrid')::uuid, 'gasoleo_a', 1.673, now()),
  (md5('ENI San Sebastián de los Reyes I MD|San Sebastian de los Reyes|Madrid')::uuid, 'gasoleo_a', 1.605, now()),
  (md5('ENI San Sebastián de los Reyes II MI|Fuente del Fresno|Madrid')::uuid, 'gasoleo_a', 1.538, now()),
  (md5('GALP S.S.de los Reyes-Jarama|San Sebastián de los Reyes|Madrid')::uuid, 'gasoleo_a', 1.672, now()),
  (md5('AVIA Castillo Benavente|Benavente|Zamora')::uuid, 'gasoleo_a', 1.621, now()),
  (md5('AVIA Castillo El Burgo|El Burgo Ranero|León')::uuid, 'gasoleo_a', 1.597, now()),
  (md5('GALP Villadangos - Dir. Astorga|Villadangos del Paramo|León')::uuid, 'gasoleo_a', 1.731, now()),
  (md5('VALCARCE Aranda|Aranda de Duero|Burgos')::uuid, 'gasoleo_a', 1.599, now()),
  (md5('BEROIL Estépar|Estépar|Burgos')::uuid, 'gasoleo_a', 1.622, now()),
  (md5('BEROIL Miranda de Ebro|Miranda de Ebro|Burgos')::uuid, 'gasoleo_a', 1.622, now()),
  (md5('GALP Villatoro|Burgos|Burgos')::uuid, 'gasoleo_a', 1.726, now()),
  (md5('GALP Sarracín I|Sarracín|Burgos')::uuid, 'gasoleo_a', 1.726, now()),
  (md5('GALP Sarracín II|Sarracín|Burgos')::uuid, 'gasoleo_a', 1.726, now()),
  (md5('GALP Los Balbases|Los Balbases|Burgos')::uuid, 'gasoleo_a', 1.728, now()),
  (md5('Bernal|Aldehuela de la Bóveda|Salamanca')::uuid, 'gasoleo_a', 1.663, now()),
  (md5('GALP Aldehuela de la Bóveda|Aldehuela de la Bóveda|Salamanca')::uuid, 'gasoleo_a', 1.734, now()),
  (md5('GALP Villacastín Dir. Coruña|Villacastin|Segovia')::uuid, 'gasoleo_a', 1.674, now()),
  (md5('GALP Villacastín Dir. Madrid|Villacastin|Segovia')::uuid, 'gasoleo_a', 1.674, now()),
  (md5('GALP Martin Muñoz de la Dehesa-Arevalo|Martín Muñoz de la Dehesa|Segovia')::uuid, 'gasoleo_a', 1.669, now()),
  (md5('GALP Medina Del Campo|Medina del Campo|Valladolid')::uuid, 'gasoleo_a', 1.725, now()),
  (md5('San Lamberto|Zaragoza|Zaragoza')::uuid, 'gasoleo_a', 1.560, now()),
  (md5('ALFA ENERGY Alfajarín|Alfajarín|Zaragoza')::uuid, 'gasoleo_a', 1.568, now()),
  (md5('HAFESA OIL Cadrete|Cadrete|Zaragoza')::uuid, 'gasoleo_a', 1.542, now()),
  (md5('AVIA Gallur|Gallur|Zaragoza')::uuid, 'gasoleo_a', 1.562, now()),
  (md5('PETROBIL Valdeherrera|Calatayud|Zaragoza')::uuid, 'gasoleo_a', 1.566, now()),
  (md5('GALP Zaragoza I|La Muela|Zaragoza')::uuid, 'gasoleo_a', 1.674, now()),
  (md5('GALP Zaragoza II|La Muela|Zaragoza')::uuid, 'gasoleo_a', 1.674, now()),
  (md5('GALP Monegros I|Candasnos|Huesca')::uuid, 'gasoleo_a', 1.675, now()),
  (md5('GALP Monegros II|Candasnos|Huesca')::uuid, 'gasoleo_a', 1.675, now()),
  (md5('EUROCAM Logroño|Logroño|La Rioja')::uuid, 'gasoleo_a', 1.592, now()),
  (md5('BEROIL San Asensio|San Asensio|La Rioja')::uuid, 'gasoleo_a', 1.622, now()),
  (md5('Empresoil|Gijón|Asturias')::uuid, 'gasoleo_a', 1.593, now()),
  (md5('GALP De la Vega I|Posada de Llanes|Asturias')::uuid, 'gasoleo_a', 1.720, now()),
  (md5('GALP De la Vega II|Posada de Llanes|Asturias')::uuid, 'gasoleo_a', 1.720, now()),
  (md5('Cetanoil|Cecebre|A Coruña')::uuid, 'gasoleo_a', 1.592, now()),
  (md5('GALP Guitiriz I|Guitiriz|Lugo')::uuid, 'gasoleo_a', 1.719, now()),
  (md5('GALP Guitiriz II|Guitiriz|Lugo')::uuid, 'gasoleo_a', 1.719, now()),
  (md5('GALP Monforte de Lemos|Monforte de Lemos|Lugo')::uuid, 'gasoleo_a', 1.734, now()),
  (md5('GALP Barbadanes - Dir. Celanova|Barbadas|Ourense')::uuid, 'gasoleo_a', 1.728, now()),
  (md5('El Sol|Mos|Pontevedra')::uuid, 'gasoleo_a', 1.671, now()),
  (md5('Sertuy|Guillarey|Pontevedra')::uuid, 'gasoleo_a', 1.675, now()),
  (md5('GALP Meis|Meis (San Martin)|Pontevedra')::uuid, 'gasoleo_a', 1.748, now()),
  (md5('GALP Silleda|Silleda|Pontevedra')::uuid, 'gasoleo_a', 1.724, now())
ON CONFLICT (station_id, producto) DO UPDATE
  SET precio = EXCLUDED.precio, actualizado_at = EXCLUDED.actualizado_at;

-- 4) Vínculo tenant_station: marca las 160 como pactadas para AdmiLogistic.
INSERT INTO gasoil.tenant_station (tenant_id, station_id, es_pactada, descuento_eur_l, nota)
VALUES
  ('00000000-0000-0000-0000-000000000001', md5('ANDAMUR La Junquera|La Junquera|Girona')::uuid, TRUE, NULL, 'Red pactada · vía AP-7, N-II · CATALUÑA'),
  ('00000000-0000-0000-0000-000000000001', md5('ANDAMUR La Junquera-Llers|Llers|Girona')::uuid, TRUE, NULL, 'Red pactada · vía AP-7, N-II · CATALUÑA'),
  ('00000000-0000-0000-0000-000000000001', md5('GM FUEL Servei Carrer 3|Barcelona|Barcelona')::uuid, TRUE, NULL, 'Red pactada · vía B-10 · CATALUÑA'),
  ('00000000-0000-0000-0000-000000000001', md5('NIEVES Parets|Parets del Valles|Barcelona')::uuid, TRUE, NULL, 'Red pactada · vía N-152 · CATALUÑA'),
  ('00000000-0000-0000-0000-000000000001', md5('Renova Oil Incoenergy|Torrefarrera|Lérida')::uuid, TRUE, NULL, 'Red pactada · vía N-230 · CATALUÑA'),
  ('00000000-0000-0000-0000-000000000001', md5('NIEVES Lérida|Lérida|Lérida')::uuid, TRUE, NULL, 'Red pactada · vía N-II · CATALUÑA'),
  ('00000000-0000-0000-0000-000000000001', md5('GALP El Prat de Llobregat-Vertix|El Prat de Llobregat|Barcelona')::uuid, TRUE, NULL, 'Red pactada · vía C-31 · CATALUÑA'),
  ('00000000-0000-0000-0000-000000000001', md5('GALP Molins de Rei|Molins de Rei|Barcelona')::uuid, TRUE, NULL, 'Red pactada · vía B-23 · CATALUÑA'),
  ('00000000-0000-0000-0000-000000000001', md5('GALP Granollers|Granollers|Barcelona')::uuid, TRUE, NULL, 'Red pactada · vía BP-5002 · CATALUÑA'),
  ('00000000-0000-0000-0000-000000000001', md5('GALP Porta de Barcelona Sur|Castellbisbal|Barcelona')::uuid, TRUE, NULL, 'Red pactada · vía AP-7 · CATALUÑA'),
  ('00000000-0000-0000-0000-000000000001', md5('GM FUEL La Gornal|Castellet i Gonal|Barcelona')::uuid, TRUE, NULL, 'Red pactada · vía N-340 · CATALUÑA'),
  ('00000000-0000-0000-0000-000000000001', md5('PRIMER Area Truck Service|Vic|Barcelona')::uuid, TRUE, NULL, 'Red pactada · vía C-153 · CATALUÑA'),
  ('00000000-0000-0000-0000-000000000001', md5('GALP Barcelona|Barcelona|Barcelona')::uuid, TRUE, NULL, 'Red pactada · vía B-10 · CATALUÑA'),
  ('00000000-0000-0000-0000-000000000001', md5('GALP El Bruc|El Bruc|Barcelona')::uuid, TRUE, NULL, 'Red pactada · vía A-2 · CATALUÑA'),
  ('00000000-0000-0000-0000-000000000001', md5('NIEVES Sesrovires|Sant Esteve de Sesrovires|Barcelona')::uuid, TRUE, NULL, 'Red pactada · vía AP-7, A2 · CATALUÑA'),
  ('00000000-0000-0000-0000-000000000001', md5('NIEVES Zona Franca|Barcelona|Barcelona')::uuid, TRUE, NULL, 'Red pactada · vía B-10 · CATALUÑA'),
  ('00000000-0000-0000-0000-000000000001', md5('GALP Gironès Norte|Aiguaviva|Girona')::uuid, TRUE, NULL, 'Red pactada · vía AP-7 · CATALUÑA'),
  ('00000000-0000-0000-0000-000000000001', md5('GALP Gironès Sur|Riudellots de la Selva|Girona')::uuid, TRUE, NULL, 'Red pactada · vía AP-7 · CATALUÑA'),
  ('00000000-0000-0000-0000-000000000001', md5('GALP Jonquera - Tramuntana|La Junquera|Girona')::uuid, TRUE, NULL, 'Red pactada · vía N-II · CATALUÑA'),
  ('00000000-0000-0000-0000-000000000001', md5('ENI Hospitalet Sur|L''Hospitalet Del Infant|Tarragona')::uuid, TRUE, NULL, 'Red pactada · vía AP-7 · CATALUÑA'),
  ('00000000-0000-0000-0000-000000000001', md5('ENI Hospitalet Norte|L''Hospitalet Del Infant|Tarragona')::uuid, TRUE, NULL, 'Red pactada · vía AP-7 · CATALUÑA'),
  ('00000000-0000-0000-0000-000000000001', md5('GM FUEL Coma-Ruga|Masos de Comarruga|Tarragona')::uuid, TRUE, NULL, 'Red pactada · vía N-340 · CATALUÑA'),
  ('00000000-0000-0000-0000-000000000001', md5('GALP Alt Camp I|Rodonya|Tarragona')::uuid, TRUE, NULL, 'Red pactada · vía AP-2 · CATALUÑA'),
  ('00000000-0000-0000-0000-000000000001', md5('GALP Alt Camp II|Rodonya|Tarragona')::uuid, TRUE, NULL, 'Red pactada · vía AP-2 · CATALUÑA'),
  ('00000000-0000-0000-0000-000000000001', md5('ALAS Hospitalet De L''Infant|L''Hospitalet De L''Infant|Tarragona')::uuid, TRUE, NULL, 'Red pactada · vía N-340 · CATALUÑA'),
  ('00000000-0000-0000-0000-000000000001', md5('ALAS Vila-Seca|Vila-Seca|Tarragona')::uuid, TRUE, NULL, 'Red pactada · vía AP-7 · CATALUÑA'),
  ('00000000-0000-0000-0000-000000000001', md5('ALAS Constantí|Constantí|Tarragona')::uuid, TRUE, NULL, 'Red pactada · vía C-14 · CATALUÑA'),
  ('00000000-0000-0000-0000-000000000001', md5('ALAS L''Ametlla de Mar|L''Ametlla de Mar|Tarragona')::uuid, TRUE, NULL, 'Red pactada · vía N-340 · CATALUÑA'),
  ('00000000-0000-0000-0000-000000000001', md5('ANDAMUR Pamplona|Imárcoain|Navarra')::uuid, TRUE, NULL, 'Red pactada · vía AP15, N-121-A · NAVARRA'),
  ('00000000-0000-0000-0000-000000000001', md5('NOIL Bera de Bidasoa|Bera|Navarra')::uuid, TRUE, NULL, 'Red pactada · vía N-121-A · NAVARRA'),
  ('00000000-0000-0000-0000-000000000001', md5('EUROCAM Tudela|Tudela|Navarra')::uuid, TRUE, NULL, 'Red pactada · vía A-68 · NAVARRA'),
  ('00000000-0000-0000-0000-000000000001', md5('EUROCAM Pamplona-Agustinos|Pamplona|Navarra')::uuid, TRUE, NULL, 'Red pactada · vía AP-15 · NAVARRA'),
  ('00000000-0000-0000-0000-000000000001', md5('GALP Ziordia|Ziordia|Navarra')::uuid, TRUE, NULL, 'Red pactada · vía A-1 · NAVARRA'),
  ('00000000-0000-0000-0000-000000000001', md5('GALP Alsasua Dir. Madrid|Altsasu Alsasu|Navarra')::uuid, TRUE, NULL, 'Red pactada · vía A-1 · NAVARRA'),
  ('00000000-0000-0000-0000-000000000001', md5('GALP Alsasua Dir. Irún|Altsasu Alsasu|Navarra')::uuid, TRUE, NULL, 'Red pactada · vía A-1 · NAVARRA'),
  ('00000000-0000-0000-0000-000000000001', md5('ANDAMUR San Román - Araia|San Román de San Millán|Álava')::uuid, TRUE, NULL, 'Red pactada · vía A-1 · PAÍS VASCO'),
  ('00000000-0000-0000-0000-000000000001', md5('Merkaoil|Lezo|Guipúzcoa')::uuid, TRUE, NULL, 'Red pactada · vía AP-8, GI-2638 · PAÍS VASCO'),
  ('00000000-0000-0000-0000-000000000001', md5('Gexa|Oiartzun|Guipúzcoa')::uuid, TRUE, NULL, 'Red pactada · vía AP-8, GI-636 · PAÍS VASCO'),
  ('00000000-0000-0000-0000-000000000001', md5('EUROCAM Nanclares de Oca|Nanclares de la Oca|Álava')::uuid, TRUE, NULL, 'Red pactada · vía A-1 · PAÍS VASCO'),
  ('00000000-0000-0000-0000-000000000001', md5('GALP Irún|Irun|Guipúzcoa')::uuid, TRUE, NULL, 'Red pactada · vía A-15, NA-700 · PAÍS VASCO'),
  ('00000000-0000-0000-0000-000000000001', md5('GALP Lasarte|Lasarte|Guipúzcoa')::uuid, TRUE, NULL, 'Red pactada · vía A-1 · PAÍS VASCO'),
  ('00000000-0000-0000-0000-000000000001', md5('ANDAMUR El Límite|Huércal-Overa|Almería')::uuid, TRUE, NULL, 'Red pactada · vía A-7 · ANDALUCÍA'),
  ('00000000-0000-0000-0000-000000000001', md5('ANDAMUR Guarromán|Guarromán|Jaén')::uuid, TRUE, NULL, 'Red pactada · vía A-4 · ANDALUCÍA'),
  ('00000000-0000-0000-0000-000000000001', md5('Las Cuartillas|Valencina de la Concepción|Sevilla')::uuid, TRUE, NULL, 'Red pactada · vía N-630 · ANDALUCÍA'),
  ('00000000-0000-0000-0000-000000000001', md5('Magdaoil|Alcalá de Guadaira|Sevilla')::uuid, TRUE, NULL, 'Red pactada · vía A-92 · ANDALUCÍA'),
  ('00000000-0000-0000-0000-000000000001', md5('Ruta 4|La Campana|Sevilla')::uuid, TRUE, NULL, 'Red pactada · vía A-4 · ANDALUCÍA'),
  ('00000000-0000-0000-0000-000000000001', md5('TJ Oil|Salteras|Sevilla')::uuid, TRUE, NULL, 'Red pactada · vía M-630 · ANDALUCÍA'),
  ('00000000-0000-0000-0000-000000000001', md5('ENI El Fantasma|Sevilla|Sevilla')::uuid, TRUE, NULL, 'Red pactada · vía AP-4 · ANDALUCÍA'),
  ('00000000-0000-0000-0000-000000000001', md5('BQP Villanueva Food and Fuel|Écija|Sevilla')::uuid, TRUE, NULL, 'Red pactada · vía A-4 · ANDALUCÍA'),
  ('00000000-0000-0000-0000-000000000001', md5('HAFESA OIL Almerimar|El Ejido|Almería')::uuid, TRUE, NULL, 'Red pactada · vía A-7 · ANDALUCÍA'),
  ('00000000-0000-0000-0000-000000000001', md5('VALCARCE Láchar|Láchar|Granada')::uuid, TRUE, NULL, 'Red pactada · vía A-92 · ANDALUCÍA'),
  ('00000000-0000-0000-0000-000000000001', md5('VALCARCE Gor|Gor|Granada')::uuid, TRUE, NULL, 'Red pactada · vía A-92 · ANDALUCÍA'),
  ('00000000-0000-0000-0000-000000000001', md5('CARBURANTES A92|Darro|Granada')::uuid, TRUE, NULL, 'Red pactada · vía A-92 · ANDALUCÍA'),
  ('00000000-0000-0000-0000-000000000001', md5('GALP Huétor Tájar|Huetor Tajar|Granada')::uuid, TRUE, NULL, 'Red pactada · vía A-92 · ANDALUCÍA'),
  ('00000000-0000-0000-0000-000000000001', md5('El Fresno|Los Barrios|Cádiz')::uuid, TRUE, NULL, 'Red pactada · vía A-7 · ANDALUCÍA'),
  ('00000000-0000-0000-0000-000000000001', md5('NIEVES Algeciras|Los Barrios|Cádiz')::uuid, TRUE, NULL, 'Red pactada · vía A-7 · ANDALUCÍA'),
  ('00000000-0000-0000-0000-000000000001', md5('GALP Jerez|Jerez de la Frontera|Cádiz')::uuid, TRUE, NULL, 'Red pactada · vía A-381 · ANDALUCÍA'),
  ('00000000-0000-0000-0000-000000000001', md5('GALP Puerto Real|Puerto Real|Cádiz')::uuid, TRUE, NULL, 'Red pactada · vía CA-35 · ANDALUCÍA'),
  ('00000000-0000-0000-0000-000000000001', md5('AREA 117 Benamejí|Benamejí|Córdoba')::uuid, TRUE, NULL, 'Red pactada · vía N-331 · ANDALUCÍA'),
  ('00000000-0000-0000-0000-000000000001', md5('DEOIL Gibraleon|Gibraleón|Huelva')::uuid, TRUE, NULL, 'Red pactada · vía N-431 · ANDALUCÍA'),
  ('00000000-0000-0000-0000-000000000001', md5('GALP Rosal de La Frontera|Rosal de la Frontera|Huelva')::uuid, TRUE, NULL, 'Red pactada · vía N-433 · ANDALUCÍA'),
  ('00000000-0000-0000-0000-000000000001', md5('Platero|Moguer|Huelva')::uuid, TRUE, NULL, 'Red pactada · vía A-494 · ANDALUCÍA'),
  ('00000000-0000-0000-0000-000000000001', md5('GALP Estepona|Estepona|Málaga')::uuid, TRUE, NULL, 'Red pactada · vía A-7 · ANDALUCÍA'),
  ('00000000-0000-0000-0000-000000000001', md5('AREA 117 Humilladero I|Humilladero|Málaga')::uuid, TRUE, NULL, 'Red pactada · vía A-92 · ANDALUCÍA'),
  ('00000000-0000-0000-0000-000000000001', md5('AREA 117 Humilladero II|Humilladero|Málaga')::uuid, TRUE, NULL, 'Red pactada · vía A-92 · ANDALUCÍA'),
  ('00000000-0000-0000-0000-000000000001', md5('GALP Málaga - El Viso|Málaga|Málaga')::uuid, TRUE, NULL, 'Red pactada · vía A-357 · ANDALUCÍA'),
  ('00000000-0000-0000-0000-000000000001', md5('GALP Málaga - El Limonar|Málaga|Málaga')::uuid, TRUE, NULL, 'Red pactada · vía A-7 · ANDALUCÍA'),
  ('00000000-0000-0000-0000-000000000001', md5('AGLA La Isla|Dos Hermanas|Sevilla')::uuid, TRUE, NULL, 'Red pactada · vía A-8053 · ANDALUCÍA'),
  ('00000000-0000-0000-0000-000000000001', md5('GALP Los Palacios|Los Palacios y Villafranca|Sevilla')::uuid, TRUE, NULL, 'Red pactada · vía AP-4 · ANDALUCÍA'),
  ('00000000-0000-0000-0000-000000000001', md5('ANDAMUR Lorca|Lorca|Murcia')::uuid, TRUE, NULL, 'Red pactada · vía A-7 · MURCIA'),
  ('00000000-0000-0000-0000-000000000001', md5('Sierra Espuña Trade|Totana|Murcia')::uuid, TRUE, NULL, 'Red pactada · vía A-7 · MURCIA'),
  ('00000000-0000-0000-0000-000000000001', md5('Agetrans|Totana|Murcia')::uuid, TRUE, NULL, 'Red pactada · vía A-7 · MURCIA'),
  ('00000000-0000-0000-0000-000000000001', md5('La Cañada|Molina de Segura|Murcia')::uuid, TRUE, NULL, 'Red pactada · vía A-30 · MURCIA'),
  ('00000000-0000-0000-0000-000000000001', md5('Mill Enterprise|Ceuti|Murcia')::uuid, TRUE, NULL, 'Red pactada · vía MU-533 · MURCIA'),
  ('00000000-0000-0000-0000-000000000001', md5('Grupo Caliche|San Javier|Murcia')::uuid, TRUE, NULL, 'Red pactada · vía AP-7 · MURCIA'),
  ('00000000-0000-0000-0000-000000000001', md5('MAGNAOIL Vía de la Plata|Mérida|Badajoz')::uuid, TRUE, NULL, 'Red pactada · vía A-5 · EXTREMADURA'),
  ('00000000-0000-0000-0000-000000000001', md5('MAGNAOIL El Nevero|Badajoz|Badajoz')::uuid, TRUE, NULL, 'Red pactada · vía A-5 · EXTREMADURA'),
  ('00000000-0000-0000-0000-000000000001', md5('GALP Cáceres - Ctra. A Trujillo|Cáceres|Cáceres')::uuid, TRUE, NULL, 'Red pactada · vía N-521 · EXTREMADURA'),
  ('00000000-0000-0000-0000-000000000001', md5('GALP Peraleda de la Mata|Peraleda de la Mata|Cáceres')::uuid, TRUE, NULL, 'Red pactada · vía A-5 · EXTREMADURA'),
  ('00000000-0000-0000-0000-000000000001', md5('AREA 117 Torremocha del Campo|Torremocha del Campo|Guadalajara')::uuid, TRUE, NULL, 'Red pactada · vía A-2 · CASTILLA-LA MANCHA'),
  ('00000000-0000-0000-0000-000000000001', md5('VALCARCE Área de Uclés 90|Villarubio|Cuenca')::uuid, TRUE, NULL, 'Red pactada · vía A-3 · CASTILLA-LA MANCHA'),
  ('00000000-0000-0000-0000-000000000001', md5('BEROIL Tébar|Tébar|Cuenca')::uuid, TRUE, NULL, 'Red pactada · vía A-3 · CASTILLA-LA MANCHA'),
  ('00000000-0000-0000-0000-000000000001', md5('GALP Castillo de Garcimuñoz|Castillo de Garcimuñoz|Cuenca')::uuid, TRUE, NULL, 'Red pactada · vía A-3 · CASTILLA-LA MANCHA'),
  ('00000000-0000-0000-0000-000000000001', md5('VALCARCE El Casar de Talavera|El Casar de Talavera|Toledo')::uuid, TRUE, NULL, 'Red pactada · vía A-5, N-502 · CASTILLA-LA MANCHA'),
  ('00000000-0000-0000-0000-000000000001', md5('GALP Calera y Chozas|Calera y Chozas|Toledo')::uuid, TRUE, NULL, 'Red pactada · vía A-5 · CASTILLA-LA MANCHA'),
  ('00000000-0000-0000-0000-000000000001', md5('GALP Puerto Lápice I|Puerto Lapice|Ciudad Real')::uuid, TRUE, NULL, 'Red pactada · vía A-4 · CASTILLA-LA MANCHA'),
  ('00000000-0000-0000-0000-000000000001', md5('GALP Puerto Lápice II|Puerto Lapice|Ciudad Real')::uuid, TRUE, NULL, 'Red pactada · vía A-4 · CASTILLA-LA MANCHA'),
  ('00000000-0000-0000-0000-000000000001', md5('ATENOIL Valdepeñas|La Consolación|Ciudad Real')::uuid, TRUE, NULL, 'Red pactada · vía A-4 · CASTILLA-LA MANCHA'),
  ('00000000-0000-0000-0000-000000000001', md5('ATENOIL Valdepeñas II MD|La Consolación|Ciudad Real')::uuid, TRUE, NULL, 'Red pactada · vía A-4 · CASTILLA-LA MANCHA'),
  ('00000000-0000-0000-0000-000000000001', md5('ALZ El Oliveral|Ribarroja del Turia|Valencia')::uuid, TRUE, NULL, 'Red pactada · vía AP-7, A-3 · C. VALENCIANA'),
  ('00000000-0000-0000-0000-000000000001', md5('GALP Ribarroja Del Turia|Ribarroja del Turia|Valencia')::uuid, TRUE, NULL, 'Red pactada · vía AP-7, A-3 · C. VALENCIANA'),
  ('00000000-0000-0000-0000-000000000001', md5('GALP Beneixida|Beneixida|Valencia')::uuid, TRUE, NULL, 'Red pactada · vía N-340 · C. VALENCIANA'),
  ('00000000-0000-0000-0000-000000000001', md5('GALP Fuente La Higuera|Fuente La Higuera|Valencia')::uuid, TRUE, NULL, 'Red pactada · vía A-35 · C. VALENCIANA'),
  ('00000000-0000-0000-0000-000000000001', md5('GALP Fuente La Higuera II|Fuente La Higuera|Valencia')::uuid, TRUE, NULL, 'Red pactada · vía A-35 · C. VALENCIANA'),
  ('00000000-0000-0000-0000-000000000001', md5('GALP Torrent I|Torrent|Valencia')::uuid, TRUE, NULL, 'Red pactada · vía A-7 · C. VALENCIANA'),
  ('00000000-0000-0000-0000-000000000001', md5('GALP Torrent II|Torrent|Valencia')::uuid, TRUE, NULL, 'Red pactada · vía A-7 · C. VALENCIANA'),
  ('00000000-0000-0000-0000-000000000001', md5('GALP El Puig|El Puig de Santa María|Valencia')::uuid, TRUE, NULL, 'Red pactada · vía A-7 · C. VALENCIANA'),
  ('00000000-0000-0000-0000-000000000001', md5('GALP Villargordo Cabriel I|Villargordo del Gabriel|Valencia')::uuid, TRUE, NULL, 'Red pactada · vía A-3 · C. VALENCIANA'),
  ('00000000-0000-0000-0000-000000000001', md5('GALP Villargordo Cabriel II|Villargordo del Gabriel|Valencia')::uuid, TRUE, NULL, 'Red pactada · vía A-3 · C. VALENCIANA'),
  ('00000000-0000-0000-0000-000000000001', md5('GALP Agost - AP7 Dir.Murcia|Agost|Alicante')::uuid, TRUE, NULL, 'Red pactada · vía AP-7 · C. VALENCIANA'),
  ('00000000-0000-0000-0000-000000000001', md5('GALP Agost - AP7 Dir.Valencia|Agost|Alicante')::uuid, TRUE, NULL, 'Red pactada · vía AP-7 · C. VALENCIANA'),
  ('00000000-0000-0000-0000-000000000001', md5('GALP Elche I|Torrellano|Alicante')::uuid, TRUE, NULL, 'Red pactada · vía A-70 · C. VALENCIANA'),
  ('00000000-0000-0000-0000-000000000001', md5('GALP Elche II|Torrellano|Alicante')::uuid, TRUE, NULL, 'Red pactada · vía A-70 · C. VALENCIANA'),
  ('00000000-0000-0000-0000-000000000001', md5('GALP San Antonio I|Pedreguer|Alicante')::uuid, TRUE, NULL, 'Red pactada · vía AP-7 · C. VALENCIANA'),
  ('00000000-0000-0000-0000-000000000001', md5('GALP San Antonio II|Pedreguer|Alicante')::uuid, TRUE, NULL, 'Red pactada · vía AP-7 · C. VALENCIANA'),
  ('00000000-0000-0000-0000-000000000001', md5('ENI La Ribera Norte|Ribera de Cabanes|Castellón')::uuid, TRUE, NULL, 'Red pactada · vía AP-7 · C. VALENCIANA'),
  ('00000000-0000-0000-0000-000000000001', md5('ENI La Ribera Sur (Dir Valencia)|Ribera de Cabanes|Castellón')::uuid, TRUE, NULL, 'Red pactada · vía AP-7 · C. VALENCIANA'),
  ('00000000-0000-0000-0000-000000000001', md5('GALP La Plana I|Burriana|Castellón')::uuid, TRUE, NULL, 'Red pactada · vía AP-7 · C. VALENCIANA'),
  ('00000000-0000-0000-0000-000000000001', md5('GALP La Plana II|Burriana|Castellón')::uuid, TRUE, NULL, 'Red pactada · vía AP-7 · C. VALENCIANA'),
  ('00000000-0000-0000-0000-000000000001', md5('GHC Ganesha Combustibles|Madrid|Madrid')::uuid, TRUE, NULL, 'Red pactada · vía A-3 · C. DE MADRID'),
  ('00000000-0000-0000-0000-000000000001', md5('VALCARCE Torrejón de Ardoz|Torrejón de Ardoz|Madrid')::uuid, TRUE, NULL, 'Red pactada · vía M-206 · C. DE MADRID'),
  ('00000000-0000-0000-0000-000000000001', md5('GALP Alcalá Henares I|Alcalá de Henares|Madrid')::uuid, TRUE, NULL, 'Red pactada · vía A-2 · C. DE MADRID'),
  ('00000000-0000-0000-0000-000000000001', md5('GALP Alcalá Henares II|Alcalá de Henares|Madrid')::uuid, TRUE, NULL, 'Red pactada · vía A-2 · C. DE MADRID'),
  ('00000000-0000-0000-0000-000000000001', md5('GALP Parla|Parla|Madrid')::uuid, TRUE, NULL, 'Red pactada · vía A-42 · C. DE MADRID'),
  ('00000000-0000-0000-0000-000000000001', md5('ATENOIL Parla II|Parla|Madrid')::uuid, TRUE, NULL, 'Red pactada · vía M-408 · C. DE MADRID'),
  ('00000000-0000-0000-0000-000000000001', md5('GALP Pinto - Eboli I|Pinto|Madrid')::uuid, TRUE, NULL, 'Red pactada · vía M-506 · C. DE MADRID'),
  ('00000000-0000-0000-0000-000000000001', md5('GALP Pinto - Eboli II|Pinto|Madrid')::uuid, TRUE, NULL, 'Red pactada · vía M-506 · C. DE MADRID'),
  ('00000000-0000-0000-0000-000000000001', md5('GALP Perales De Tajuña|Perales De Tajuña|Madrid')::uuid, TRUE, NULL, 'Red pactada · vía A-3, N-III · C. DE MADRID'),
  ('00000000-0000-0000-0000-000000000001', md5('ENI San Sebastián de los Reyes I MD|San Sebastian de los Reyes|Madrid')::uuid, TRUE, NULL, 'Red pactada · vía A-1 · C. DE MADRID'),
  ('00000000-0000-0000-0000-000000000001', md5('ENI San Sebastián de los Reyes II MI|Fuente del Fresno|Madrid')::uuid, TRUE, NULL, 'Red pactada · vía N-1 · C. DE MADRID'),
  ('00000000-0000-0000-0000-000000000001', md5('GALP S.S.de los Reyes-Jarama|San Sebastián de los Reyes|Madrid')::uuid, TRUE, NULL, 'Red pactada · vía A-1 · C. DE MADRID'),
  ('00000000-0000-0000-0000-000000000001', md5('AVIA Castillo Benavente|Benavente|Zamora')::uuid, TRUE, NULL, 'Red pactada · vía A-6 · CASTILLA Y LEÓN'),
  ('00000000-0000-0000-0000-000000000001', md5('AVIA Castillo El Burgo|El Burgo Ranero|León')::uuid, TRUE, NULL, 'Red pactada · vía A-231 · CASTILLA Y LEÓN'),
  ('00000000-0000-0000-0000-000000000001', md5('GALP Villadangos - Dir. Astorga|Villadangos del Paramo|León')::uuid, TRUE, NULL, 'Red pactada · vía N-120 · CASTILLA Y LEÓN'),
  ('00000000-0000-0000-0000-000000000001', md5('VALCARCE Aranda|Aranda de Duero|Burgos')::uuid, TRUE, NULL, 'Red pactada · vía N-1 · CASTILLA Y LEÓN'),
  ('00000000-0000-0000-0000-000000000001', md5('BEROIL Estépar|Estépar|Burgos')::uuid, TRUE, NULL, 'Red pactada · vía N-620 · CASTILLA Y LEÓN'),
  ('00000000-0000-0000-0000-000000000001', md5('BEROIL Miranda de Ebro|Miranda de Ebro|Burgos')::uuid, TRUE, NULL, 'Red pactada · vía AP-1 · CASTILLA Y LEÓN'),
  ('00000000-0000-0000-0000-000000000001', md5('GALP Villatoro|Burgos|Burgos')::uuid, TRUE, NULL, 'Red pactada · vía N-627 · CASTILLA Y LEÓN'),
  ('00000000-0000-0000-0000-000000000001', md5('GALP Sarracín I|Sarracín|Burgos')::uuid, TRUE, NULL, 'Red pactada · vía A-1 · CASTILLA Y LEÓN'),
  ('00000000-0000-0000-0000-000000000001', md5('GALP Sarracín II|Sarracín|Burgos')::uuid, TRUE, NULL, 'Red pactada · vía A-1 · CASTILLA Y LEÓN'),
  ('00000000-0000-0000-0000-000000000001', md5('GALP Los Balbases|Los Balbases|Burgos')::uuid, TRUE, NULL, 'Red pactada · vía A-62 · CASTILLA Y LEÓN'),
  ('00000000-0000-0000-0000-000000000001', md5('Bernal|Aldehuela de la Bóveda|Salamanca')::uuid, TRUE, NULL, 'Red pactada · vía A-62 · CASTILLA Y LEÓN'),
  ('00000000-0000-0000-0000-000000000001', md5('GALP Aldehuela de la Bóveda|Aldehuela de la Bóveda|Salamanca')::uuid, TRUE, NULL, 'Red pactada · vía A-62 · CASTILLA Y LEÓN'),
  ('00000000-0000-0000-0000-000000000001', md5('GALP Villacastín Dir. Coruña|Villacastin|Segovia')::uuid, TRUE, NULL, 'Red pactada · vía N-6 · CASTILLA Y LEÓN'),
  ('00000000-0000-0000-0000-000000000001', md5('GALP Villacastín Dir. Madrid|Villacastin|Segovia')::uuid, TRUE, NULL, 'Red pactada · vía N-6 · CASTILLA Y LEÓN'),
  ('00000000-0000-0000-0000-000000000001', md5('GALP Martin Muñoz de la Dehesa-Arevalo|Martín Muñoz de la Dehesa|Segovia')::uuid, TRUE, NULL, 'Red pactada · vía A-6 · CASTILLA Y LEÓN'),
  ('00000000-0000-0000-0000-000000000001', md5('GALP Medina Del Campo|Medina del Campo|Valladolid')::uuid, TRUE, NULL, 'Red pactada · vía A-6 · CASTILLA Y LEÓN'),
  ('00000000-0000-0000-0000-000000000001', md5('San Lamberto|Zaragoza|Zaragoza')::uuid, TRUE, NULL, 'Red pactada · vía A-2 · ARAGÓN'),
  ('00000000-0000-0000-0000-000000000001', md5('ALFA ENERGY Alfajarín|Alfajarín|Zaragoza')::uuid, TRUE, NULL, 'Red pactada · vía AP-2, N-II · ARAGÓN'),
  ('00000000-0000-0000-0000-000000000001', md5('HAFESA OIL Cadrete|Cadrete|Zaragoza')::uuid, TRUE, NULL, 'Red pactada · vía N-330 · ARAGÓN'),
  ('00000000-0000-0000-0000-000000000001', md5('AVIA Gallur|Gallur|Zaragoza')::uuid, TRUE, NULL, 'Red pactada · vía N-232 · ARAGÓN'),
  ('00000000-0000-0000-0000-000000000001', md5('PETROBIL Valdeherrera|Calatayud|Zaragoza')::uuid, TRUE, NULL, 'Red pactada · vía A-202 · ARAGÓN'),
  ('00000000-0000-0000-0000-000000000001', md5('GALP Zaragoza I|La Muela|Zaragoza')::uuid, TRUE, NULL, 'Red pactada · vía A-2 · ARAGÓN'),
  ('00000000-0000-0000-0000-000000000001', md5('GALP Zaragoza II|La Muela|Zaragoza')::uuid, TRUE, NULL, 'Red pactada · vía A-2 · ARAGÓN'),
  ('00000000-0000-0000-0000-000000000001', md5('GALP Monegros I|Candasnos|Huesca')::uuid, TRUE, NULL, 'Red pactada · vía AP-2 · ARAGÓN'),
  ('00000000-0000-0000-0000-000000000001', md5('GALP Monegros II|Candasnos|Huesca')::uuid, TRUE, NULL, 'Red pactada · vía AP-2 · ARAGÓN'),
  ('00000000-0000-0000-0000-000000000001', md5('EUROCAM Logroño|Logroño|La Rioja')::uuid, TRUE, NULL, 'Red pactada · vía AP-68 · LA RIOJA'),
  ('00000000-0000-0000-0000-000000000001', md5('BEROIL San Asensio|San Asensio|La Rioja')::uuid, TRUE, NULL, 'Red pactada · vía N-232 · LA RIOJA'),
  ('00000000-0000-0000-0000-000000000001', md5('Empresoil|Gijón|Asturias')::uuid, TRUE, NULL, 'Red pactada · vía A-8 · ASTURIAS'),
  ('00000000-0000-0000-0000-000000000001', md5('GALP De la Vega I|Posada de Llanes|Asturias')::uuid, TRUE, NULL, 'Red pactada · vía A-8 · ASTURIAS'),
  ('00000000-0000-0000-0000-000000000001', md5('GALP De la Vega II|Posada de Llanes|Asturias')::uuid, TRUE, NULL, 'Red pactada · vía A-8 · ASTURIAS'),
  ('00000000-0000-0000-0000-000000000001', md5('Cetanoil|Cecebre|A Coruña')::uuid, TRUE, NULL, 'Red pactada · vía LC-221 · GALICIA'),
  ('00000000-0000-0000-0000-000000000001', md5('GALP Guitiriz I|Guitiriz|Lugo')::uuid, TRUE, NULL, 'Red pactada · vía A-6 · GALICIA'),
  ('00000000-0000-0000-0000-000000000001', md5('GALP Guitiriz II|Guitiriz|Lugo')::uuid, TRUE, NULL, 'Red pactada · vía A-6 · GALICIA'),
  ('00000000-0000-0000-0000-000000000001', md5('GALP Monforte de Lemos|Monforte de Lemos|Lugo')::uuid, TRUE, NULL, 'Red pactada · vía N-120, LU-933 · GALICIA'),
  ('00000000-0000-0000-0000-000000000001', md5('GALP Barbadanes - Dir. Celanova|Barbadas|Ourense')::uuid, TRUE, NULL, 'Red pactada · vía OU-540 · GALICIA'),
  ('00000000-0000-0000-0000-000000000001', md5('El Sol|Mos|Pontevedra')::uuid, TRUE, NULL, 'Red pactada · vía A-55, N-550 · GALICIA'),
  ('00000000-0000-0000-0000-000000000001', md5('Sertuy|Guillarey|Pontevedra')::uuid, TRUE, NULL, 'Red pactada · vía A-55, N-550 · GALICIA'),
  ('00000000-0000-0000-0000-000000000001', md5('GALP Meis|Meis (San Martin)|Pontevedra')::uuid, TRUE, NULL, 'Red pactada · vía AG-41 · GALICIA'),
  ('00000000-0000-0000-0000-000000000001', md5('GALP Silleda|Silleda|Pontevedra')::uuid, TRUE, NULL, 'Red pactada · vía AP-53 · GALICIA')
ON CONFLICT (tenant_id, station_id) DO NOTHING;
